sample_id,crop_filename,crop_path,crop_sha256,source_raw_sha256,source_raw_file,cyclone_unique_id,cyclone_name,season,split,observation_timestamp_utc,matched_track_timestamp_utc,time_difference_minutes,center_latitude,center_longitude,projected_pixel_x,projected_pixel_y,projection_method,wind_speed_kmh,wind_units,intensity_category,intensity_label_source,structural_pattern,pattern_label_source,pattern_ground_truth_status,provenance_status,cyclone_detected
P7_MOSDAC_0000,p7_mosdac_FANI_2019_0000_Very_Severe_Cyclonic_Storm.png,data/p2_phase7_genuine/crops\p7_mosdac_FANI_2019_0000_Very_Severe_Cyclonic_Storm.png,3fe48c6d57fbd53a7abd8b1a1123a7857cb97ff5480106a76b3017dceb6e26d6,6c784cace01099f640e6b4c9eedf595866fce091082311e6a5ed65a4b4fac1ea,101.jpeg,FANI_2019,FANI,2019,train,2019-04-25 18:00:00,2019-04-25 18:00:00,0.0,1.9,90.2,167.8,176.0,Mercator_Standard_Grid_Projection,120.0,km/h (3-minute sustained WMO/IMD standard),Very Severe Cyclonic Storm,AUTHORITATIVE_BEST_TRACK_VMAX,eye_visible,DERIVED_RULE,NOT_INDEPENDENTLY_ANNOTATED,GENUINE_RAW_SOURCE_VERIFIED,True
P7_MOSDAC_0001,p7_mosdac_AMPHAN_2020_0001_Very_Severe_Cyclonic_Storm.png,data/p2_phase7_genuine/crops\p7_mosdac_AMPHAN_2020_0001_Very_Severe_Cyclonic_Storm.png,db3e06b72efd518ff76b2c629a4f2acece4aff3243f3190f03697a6de33ac791,84285b0faf8736249e128e1c5a54e4499cdf4573b1e119b2548f7341e149eac5,102.jpeg,AMPHAN_2020,AMPHAN,2020,train,2020-05-15 06:00:00,2020-05-15 06:00:00,0.0,9.5,87.5,157.9,145.3,Mercator_Standard_Grid_Projection,120.0,km/h (3-minute sustained WMO/IMD standard),Very Severe Cyclonic Storm,AUTHORITATIVE_BEST_TRACK_VMAX,eye_visible,DERIVED_RULE,NOT_INDEPENDENTLY_ANNOTATED,GENUINE_RAW_SOURCE_VERIFIED,True
P7_MOSDAC_0002,p7_mosdac_HUDHUD_2014_0002_Very_Severe_Cyclonic_Storm.png,data/p2_phase7_genuine/crops\p7_mosdac_HUDHUD_2014_0002_Very_Severe_Cyclonic_Storm.png,dc6eb21ff3a5f19c0c39d15a86c207271ea019ae605ce8ad221fedb497b00988,c50cf71245d290dd6bedcb9d4b09664c063457ba0e8731e2c3262c8ff765b2a6,106.jpeg,HUDHUD_2014,HUDHUD,2014,train,2014-10-06 06:00:00,2014-10-06 06:00:00,0.0,10.7,96.1,189.5,140.5,Mercator_Standard_Grid_Projection,120.0,km/h (3-minute sustained WMO/IMD standard),Very Severe Cyclonic Storm,AUTHORITATIVE_BEST_TRACK_VMAX,eye_visible,DERIVED_RULE,NOT_INDEPENDENTLY_ANNOTATED,GENUINE_RAW_SOURCE_VERIFIED,True
P7_MOSDAC_0003,p7_mosdac_TITLI_2018_0003_Very_Severe_Cyclonic_Storm.png,data/p2_phase7_genuine/crops\p7_mosdac_TITLI_2018_0003_Very_Severe_Cyclonic_Storm.png,b3e8bce0ca4899388b9ae7f70cd01ea2c1f52ee464a2afbc3ac74e3f84ec6727,667cbb33b5334d6002c9c163a7b1fce875434e56b79f57dd7e80cdd3738aefa3,111.jpeg,TITLI_2018,TITLI,2018,train,2018-10-08 00:00:00,2018-10-08 00:00:00,0.0,14.2,88.4,161.2,126.3,Mercator_Standard_Grid_Projection,120.0,km/h (3-minute sustained WMO/IMD standard),Very Severe Cyclonic Storm,AUTHORITATIVE_BEST_TRACK_VMAX,eye_visible,DERIVED_RULE,NOT_INDEPENDENTLY_ANNOTATED,GENUINE_RAW_SOURCE_VERIFIED,True
P7_MOSDAC_0004,p7_mosdac_GAJA_2018_0004_Depression.png,data/p2_phase7_genuine/crops\p7_mosdac_GAJA_2018_0004_Depression.png,61453f6099c3a17c9eae4ee024feba70181ed2afc2dbf85d7d8e65e35f804452,56c4019f8480b15f6e5f9ff7f0af09a1904751921dee1ab9f6fcc8207c1252c7,112.jpeg,GAJA_2018,GAJA,2018,train,2018-11-10 03:00:00,2018-11-10 03:00:00,0.0,11.7,92.5,176.3,136.4,Mercator_Standard_Grid_Projection,46.3,km/h (3-minute sustained WMO/IMD standard),Depression,AUTHORITATIVE_BEST_TRACK_VMAX,shear_pattern,DERIVED_RULE,NOT_INDEPENDENTLY_ANNOTATED,GENUINE_RAW_SOURCE_VERIFIED,True
P7_MOSDAC_0005,p7_mosdac_BULBUL_2019_0005_Very_Severe_Cyclonic_Storm.png,data/p2_phase7_genuine/crops\p7_mosdac_BULBUL_2019_0005_Very_Severe_Cyclonic_Storm.png,e040a4bf6f29c12c70f2ae9e82dfdb10da3a84749bdd4721deec6aad14f14bf7,b00c770cc2d064e8ca6afa1fcde49a1de94fee543e405835df141a23f36d5e74,115.jpeg,BULBUL_2019,BULBUL,2019,train,2019-04-25 18:00:00,2019-04-25 18:00:00,0.0,1.9,90.2,167.8,176.0,Mercator_Standard_Grid_Projection,120.0,km/h (3-minute sustained WMO/IMD standard),Very Severe Cyclonic Storm,AUTHORITATIVE_BEST_TRACK_VMAX,eye_visible,DERIVED_RULE,NOT_INDEPENDENTLY_ANNOTATED,GENUINE_RAW_SOURCE_VERIFIED,True
P7_MOSDAC_0006,p7_mosdac_GULAB_2021_0006_Depression.png,data/p2_phase7_genuine/crops\p7_mosdac_GULAB_2021_0006_Depression.png,0764b0cf81908c2315f5e8a4b4b1309d840b7e2f5236a34e36d9fcd26b15deca,30ae1381a7edf2baff45076db8f86f0b831a9cacd1a7cffcddfd76edea685ffe,118.jpeg,GULAB_2021,GULAB,2021,train,2021-04-02 00:00:00,2021-04-02 00:00:00,0.0,11.0,96.3,190.2,139.2,Mercator_Standard_Grid_Projection,46.3,km/h (3-minute sustained WMO/IMD standard),Depression,AUTHORITATIVE_BEST_TRACK_VMAX,shear_pattern,DERIVED_RULE,NOT_INDEPENDENTLY_ANNOTATED,GENUINE_RAW_SOURCE_VERIFIED,True
P7_MOSDAC_0007,p7_mosdac_JAWAD_2021_0007_Very_Severe_Cyclonic_Storm.png,data/p2_phase7_genuine/crops\p7_mosdac_JAWAD_2021_0007_Very_Severe_Cyclonic_Storm.png,ecd44066f2140c078c3b18cc4f9d3ecc3abc7c3c2d71c855ef83599c8a191880,dfa6277001643e87f97492859b62e1bb44319ddf55a221df971edfdb62187aae,119.jpeg,JAWAD_2021,JAWAD,2021,train,2021-11-30 18:00:00,2021-11-30 18:00:00,0.0,8.4,96.3,190.2,149.7,Mercator_Standard_Grid_Projection,120.0,km/h (3-minute sustained WMO/IMD standard),Very Severe Cyclonic Storm,AUTHORITATIVE_BEST_TRACK_VMAX,eye_visible,DERIVED_RULE,NOT_INDEPENDENTLY_ANNOTATED,GENUINE_RAW_SOURCE_VERIFIED,True
P7_MOSDAC_0008,p7_mosdac_FENGAL_2024_0008_Very_Severe_Cyclonic_Storm.png,data/p2_phase7_genuine/crops\p7_mosdac_FENGAL_2024_0008_Very_Severe_Cyclonic_Storm.png,164fc701f25e9c875dbd96cddafea1a2103afb463100f2322b63eafa133984dc,ed7dc5018393cfab7751611a95a109718ca79ff0fabc607934a49fef07374ff5,128.jpeg,FENGAL_2024,FENGAL,2024,train,2024-11-23 18:00:00,2024-11-23 18:00:00,0.0,3.6,88.9,163.0,169.1,Mercator_Standard_Grid_Projection,120.0,km/h (3-minute sustained WMO/IMD standard),Very Severe Cyclonic Storm,AUTHORITATIVE_BEST_TRACK_VMAX,eye_visible,DERIVED_RULE,NOT_INDEPENDENTLY_ANNOTATED,GENUINE_RAW_SOURCE_VERIFIED,True
P7_MOSDAC_0009,p7_mosdac_UNNAMED_2018_DD_0009_Depression.png,data/p2_phase7_genuine/crops\p7_mosdac_UNNAMED_2018_DD_0009_Depression.png,7b6f24a1d3f7f219aa4aff694d87bd5d3295516abfd60497ee8a06ab48b0e627,7c83f60171f19f24a65a6f30ec8fab4200399958b7af7531ae5e7f2542f01da1,25.jpeg,UNNAMED_2018_DD,UNNAMED,2018,train,2018-03-13 03:00:00,2018-03-13 03:00:00,0.0,5.0,76.0,115.7,163.5,Mercator_Standard_Grid_Projection,46.3,km/h (3-minute sustained WMO/IMD standard),Depression,AUTHORITATIVE_BEST_TRACK_VMAX,shear_pattern,DERIVED_RULE,NOT_INDEPENDENTLY_ANNOTATED,GENUINE_RAW_SOURCE_VERIFIED,True
P7_MOSDAC_0010,p7_mosdac_UNNAMED_2019_D_0010_Depression.png,data/p2_phase7_genuine/crops\p7_mosdac_UNNAMED_2019_D_0010_Depression.png,4ae0b83213a66808de5b0fdc4d0d48d3e60046824a599179b093b9101e50170c,bd1d1c4148aff13697417b083b808c9b689cdc91566888503ca389833910f89c,27.jpeg,UNNAMED_2019_D,UNNAMED,2019,train,2019-08-06 03:00:00,2019-08-06 03:00:00,0.0,20.5,88.0,159.7,100.9,Mercator_Standard_Grid_Projection,46.3,km/h (3-minute sustained WMO/IMD standard),Depression,AUTHORITATIVE_BEST_TRACK_VMAX,shear_pattern,DERIVED_RULE,NOT_INDEPENDENTLY_ANNOTATED,GENUINE_RAW_SOURCE_VERIFIED,True
P7_MOSDAC_0011,p7_mosdac_TAUKTAE_2021_0011_Very_Severe_Cyclonic_Storm.png,data/p2_phase7_genuine/crops\p7_mosdac_TAUKTAE_2021_0011_Very_Severe_Cyclonic_Storm.png,b468a6fd384d9132c821b14da1b9d562c4bb5cf6fbfc7aab9819adb306f59659,251aaaa43204482eb73f262ec78e24303c64dce6d4969f3946a0dcdb63a66bac,28.jpeg,TAUKTAE_2021,TAUKTAE,2021,val,2021-05-13 06:00:00,2021-05-13 06:00:00,0.0,10.0,70.9,96.9,143.3,Mercator_Standard_Grid_Projection,120.0,km/h (3-minute sustained WMO/IMD standard),Very Severe Cyclonic Storm,AUTHORITATIVE_BEST_TRACK_VMAX,eye_visible,DERIVED_RULE,NOT_INDEPENDENTLY_ANNOTATED,GENUINE_RAW_SOURCE_VERIFIED,True
P7_MOSDAC_0012,p7_mosdac_YAAS_2021_0012_Very_Severe_Cyclonic_Storm.png,data/p2_phase7_genuine/crops\p7_mosdac_YAAS_2021_0012_Very_Severe_Cyclonic_Storm.png,c56cee568049b907c7e68abffa9b68236baf299e19677786be009d196916b902,141a0fda9906d8a60e089fe37131e6bc2248201a1faf8aed956a6e60bbb92372,30(1).jpeg,YAAS_2021,YAAS,2021,val,2021-05-23 00:00:00,2021-05-23 00:00:00,0.0,15.5,90.0,167.1,121.1,Mercator_Standard_Grid_Projection,120.0,km/h (3-minute sustained WMO/IMD standard),Very Severe Cyclonic Storm,AUTHORITATIVE_BEST_TRACK_VMAX,eye_visible,DERIVED_RULE,NOT_INDEPENDENTLY_ANNOTATED,GENUINE_RAW_SOURCE_VERIFIED,True
P7_MOSDAC_0013,p7_mosdac_SITRANG_2022_0013_Very_Severe_Cyclonic_Storm.png,data/p2_phase7_genuine/crops\p7_mosdac_SITRANG_2022_0013_Very_Severe_Cyclonic_Storm.png,4b9e67287525a100743dbea0de9c1f39b49fef1329c78e29ecdc19b7922724b4,73f3ba1d51f6fd1e97e53c6c73fe958f20297379774dfbeaa76c3a2ed1a58bc0,30.jpeg,SITRANG_2022,SITRANG,2022,val,2022-10-21 18:00:00,2022-10-21 18:00:00,0.0,12.6,93.3,179.2,132.8,Mercator_Standard_Grid_Projection,120.0,km/h (3-minute sustained WMO/IMD standard),Very Severe Cyclonic Storm,AUTHORITATIVE_BEST_TRACK_VMAX,eye_visible,DERIVED_RULE,NOT_INDEPENDENTLY_ANNOTATED,GENUINE_RAW_SOURCE_VERIFIED,True
P7_MOSDAC_0014,p7_mosdac_KYARR_2019_0014_Very_Severe_Cyclonic_Storm.png,data/p2_phase7_genuine/crops\p7_mosdac_KYARR_2019_0014_Very_Severe_Cyclonic_Storm.png,a7065c2c93798e6a41d5bf9b055a1bab66f766e8613aa726b30f5d9446937151,c72a9f8bbe15f708cd98caf6e412d79f1d3ae5cc9bbb1b4b6cefc9604e104ffc,31.jpeg,KYARR_2019,KYARR,2019,test,2019-04-25 18:00:00,2019-04-25 18:00:00,0.0,1.9,90.2,167.8,176.0,Mercator_Standard_Grid_Projection,120.0,km/h (3-minute sustained WMO/IMD standard),Very Severe Cyclonic Storm,AUTHORITATIVE_BEST_TRACK_VMAX,eye_visible,DERIVED_RULE,NOT_INDEPENDENTLY_ANNOTATED,GENUINE_RAW_SOURCE_VERIFIED,True
P7_MOSDAC_0015,p7_mosdac_BIPARJOY_2023_0015_Very_Severe_Cyclonic_Storm.png,data/p2_phase7_genuine/crops\p7_mosdac_BIPARJOY_2023_0015_Very_Severe_Cyclonic_Storm.png,e67861f6b9afe5a53eac97b2f3c8c6e55f522338f5f4c1f847875a76438b0769,eed267b693fbee2f2292e14909b524718927db56ef9e7db22ddc4246185ad2e4,32(1).jpeg,BIPARJOY_2023,BIPARJOY,2023,test,2023-06-05 00:00:00,2023-06-05 00:00:00,0.0,10.3,66.7,81.5,142.1,Mercator_Standard_Grid_Projection,120.0,km/h (3-minute sustained WMO/IMD standard),Very Severe Cyclonic Storm,AUTHORITATIVE_BEST_TRACK_VMAX,eye_visible,DERIVED_RULE,NOT_INDEPENDENTLY_ANNOTATED,GENUINE_RAW_SOURCE_VERIFIED,True
P7_MOSDAC_0016,p7_mosdac_ASANI_2022_0016_Very_Severe_Cyclonic_Storm.png,data/p2_phase7_genuine/crops\p7_mosdac_ASANI_2022_0016_Very_Severe_Cyclonic_Storm.png,d4ac4a3d6bcffdb06f4e35ec442a6c4e3d3ba4cd844bfb125259e6e07850dbe0,50e74152f460fd3456ae6fa1868de5c5e412d9a7e162e8f0ecd117de95836343,32.jpeg,ASANI_2022,ASANI,2022,test,2022-05-05 12:00:00,2022-05-05 12:00:00,0.0,7.1,94.5,183.6,155.0,Mercator_Standard_Grid_Projection,120.0,km/h (3-minute sustained WMO/IMD standard),Very Severe Cyclonic Storm,AUTHORITATIVE_BEST_TRACK_VMAX,eye_visible,DERIVED_RULE,NOT_INDEPENDENTLY_ANNOTATED,GENUINE_RAW_SOURCE_VERIFIED,True
P7_MOSDAC_0017,p7_mosdac_UNNAMED_2021_DD_0017_Depression.png,data/p2_phase7_genuine/crops\p7_mosdac_UNNAMED_2021_DD_0017_Depression.png,df8cb1fba17cc72d65de3e628b3e9bc1c5283d6da81aafb7545ebfbc4a70c1c6,bba34447ae3dd3a2f106ade379413203250d040d6482391c80b99ce8198d3dc6,33(1).jpeg,UNNAMED_2021_DD,UNNAMED,2021,test,2021-04-02 00:00:00,2021-04-02 00:00:00,0.0,11.0,96.3,190.2,139.2,Mercator_Standard_Grid_Projection,46.3,km/h (3-minute sustained WMO/IMD standard),Depression,AUTHORITATIVE_BEST_TRACK_VMAX,shear_pattern,DERIVED_RULE,NOT_INDEPENDENTLY_ANNOTATED,GENUINE_RAW_SOURCE_VERIFIED,True
P7_MOSDAC_0018,p7_mosdac_FANI_2019_0018_Very_Severe_Cyclonic_Storm.png,data/p2_phase7_genuine/crops\p7_mosdac_FANI_2019_0018_Very_Severe_Cyclonic_Storm.png,4538dcbeb577b99c4df9787dc44b4e483470972f5703ab37e623f4bab8fcd4fb,e0439ca669463b35920144f5386c3f5e7e2675de1a2d803860d0f8223491d63d,33(2).jpeg,FANI_2019,FANI,2019,train,2019-04-25 21:00:00,2019-04-25 21:00:00,0.0,2.1,90.1,167.4,175.2,Mercator_Standard_Grid_Projection,120.0,km/h (3-minute sustained WMO/IMD standard),Very Severe Cyclonic Storm,AUTHORITATIVE_BEST_TRACK_VMAX,eye_visible,DERIVED_RULE,NOT_INDEPENDENTLY_ANNOTATED,GENUINE_RAW_SOURCE_VERIFIED,True
P7_MOSDAC_0019,p7_mosdac_AMPHAN_2020_0019_Very_Severe_Cyclonic_Storm.png,data/p2_phase7_genuine/crops\p7_mosdac_AMPHAN_2020_0019_Very_Severe_Cyclonic_Storm.png,5ea3dfb2d55fcb5618e24fd9bf816b59951b2b98eded0ed94b2a04133ddcb8bd,40cb0d7d6d67616a6382639c310b751f642f6c413a1360c6c65312fcab68537d,33.jpeg,AMPHAN_2020,AMPHAN,2020,train,2020-05-15 09:00:00,2020-05-15 09:00:00,0.0,9.5,87.2,156.8,145.3,Mercator_Standard_Grid_Projection,120.0,km/h (3-minute sustained WMO/IMD standard),Very Severe Cyclonic Storm,AUTHORITATIVE_BEST_TRACK_VMAX,eye_visible,DERIVED_RULE,NOT_INDEPENDENTLY_ANNOTATED,GENUINE_RAW_SOURCE_VERIFIED,True
P7_MOSDAC_0020,p7_mosdac_HUDHUD_2014_0020_Very_Severe_Cyclonic_Storm.png,data/p2_phase7_genuine/crops\p7_mosdac_HUDHUD_2014_0020_Very_Severe_Cyclonic_Storm.png,3e8b8d4f04b7bbead7b49e44fe9f8f78c9c2868002e0eca9a392cf2b659d4348,383f9e89016c5ef6b9b801eae7ec4acbe2a8ddcc5acd52086b8ebf4ad5700726,34(!).jpeg,HUDHUD_2014,HUDHUD,2014,train,2014-10-06 09:00:00,2014-10-06 09:00:00,0.0,10.7,96.0,189.1,140.5,Mercator_Standard_Grid_Projection,120.0,km/h (3-minute sustained WMO/IMD standard),Very Severe Cyclonic Storm,AUTHORITATIVE_BEST_TRACK_VMAX,eye_visible,DERIVED_RULE,NOT_INDEPENDENTLY_ANNOTATED,GENUINE_RAW_SOURCE_VERIFIED,True
P7_MOSDAC_0021,p7_mosdac_TITLI_2018_0021_Depression.png,data/p2_phase7_genuine/crops\p7_mosdac_TITLI_2018_0021_Depression.png,fb17fe7f3cba202512ee06e5370b0ba9fb39a6857e7431be5cdffe09d06f359a,4c1841d62266135cf1523d724630613e3c86aa36bda6f1c77e4719f185c1a4fe,34.jpeg,TITLI_2018,TITLI,2018,train,2018-10-08 03:00:00,2018-10-08 03:00:00,0.0,14.1,88.4,161.2,126.7,Mercator_Standard_Grid_Projection,46.3,km/h (3-minute sustained WMO/IMD standard),Depression,AUTHORITATIVE_BEST_TRACK_VMAX,shear_pattern,DERIVED_RULE,NOT_INDEPENDENTLY_ANNOTATED,GENUINE_RAW_SOURCE_VERIFIED,True
P7_MOSDAC_0022,p7_mosdac_GAJA_2018_0022_Depression.png,data/p2_phase7_genuine/crops\p7_mosdac_GAJA_2018_0022_Depression.png,aa6040ca5738b7c07efb86a5bce73c4a09c3e61426805cfcf1e4e4399af049fa,c67030f772bbbc37661cae7b58e2b040428c9ad6f4e54d60a7dea0bc251e7854,35(1).jpeg,GAJA_2018,GAJA,2018,train,2018-11-10 06:00:00,2018-11-10 06:00:00,0.0,12.0,92.0,174.4,135.2,Mercator_Standard_Grid_Projection,46.3,km/h (3-minute sustained WMO/IMD standard),Depression,AUTHORITATIVE_BEST_TRACK_VMAX,shear_pattern,DERIVED_RULE,NOT_INDEPENDENTLY_ANNOTATED,GENUINE_RAW_SOURCE_VERIFIED,True
P7_MOSDAC_0023,p7_mosdac_BULBUL_2019_0023_Very_Severe_Cyclonic_Storm.png,data/p2_phase7_genuine/crops\p7_mosdac_BULBUL_2019_0023_Very_Severe_Cyclonic_Storm.png,7e769ee006299f9f449039d455e40d6e608e8355aa6d09f9c2d6ca33002fb4dd,730f8d5fceec7c4dec8ebe9f4cff45896b192f970b136055cc79301a32ba0d89,35(2).jpeg,BULBUL_2019,BULBUL,2019,train,2019-04-25 21:00:00,2019-04-25 21:00:00,0.0,2.1,90.1,167.4,175.2,Mercator_Standard_Grid_Projection,120.0,km/h (3-minute sustained WMO/IMD standard),Very Severe Cyclonic Storm,AUTHORITATIVE_BEST_TRACK_VMAX,eye_visible,DERIVED_RULE,NOT_INDEPENDENTLY_ANNOTATED,GENUINE_RAW_SOURCE_VERIFIED,True
P7_MOSDAC_0024,p7_mosdac_GULAB_2021_0024_Depression.png,data/p2_phase7_genuine/crops\p7_mosdac_GULAB_2021_0024_Depression.png,2e10a42b71503fe2297dce55c34d58a0ae68d961e9106ce15a60a50953c59090,94fb3663d5808aaedb85e920233b3832f4865926a50c537b88ed032740fa049a,35(3).jpeg,GULAB_2021,GULAB,2021,train,2021-04-02 03:00:00,2021-04-02 03:00:00,0.0,11.0,96.3,190.2,139.2,Mercator_Standard_Grid_Projection,46.3,km/h (3-minute sustained WMO/IMD standard),Depression,AUTHORITATIVE_BEST_TRACK_VMAX,shear_pattern,DERIVED_RULE,NOT_INDEPENDENTLY_ANNOTATED,GENUINE_RAW_SOURCE_VERIFIED,True
P7_MOSDAC_0025,p7_mosdac_JAWAD_2021_0025_Very_Severe_Cyclonic_Storm.png,data/p2_phase7_genuine/crops\p7_mosdac_JAWAD_2021_0025_Very_Severe_Cyclonic_Storm.png,4cb1b3e3e04f4b3b010af8f49bbef84ad48e8853038c081cace44eeba28ec633,568f021e53b1f90f4dbcc74544c504fd793da1888da4ad80e38278577250f00d,35.jpeg,JAWAD_2021,JAWAD,2021,train,2021-11-30 21:00:00,2021-11-30 21:00:00,0.0,8.0,96.1,189.5,151.4,Mercator_Standard_Grid_Projection,120.0,km/h (3-minute sustained WMO/IMD standard),Very Severe Cyclonic Storm,AUTHORITATIVE_BEST_TRACK_VMAX,eye_visible,DERIVED_RULE,NOT_INDEPENDENTLY_ANNOTATED,GENUINE_RAW_SOURCE_VERIFIED,True
P7_MOSDAC_0026,p7_mosdac_FENGAL_2024_0026_Very_Severe_Cyclonic_Storm.png,data/p2_phase7_genuine/crops\p7_mosdac_FENGAL_2024_0026_Very_Severe_Cyclonic_Storm.png,bd01f8ec920afdfad8df9ffad25bbef042361aeb6b8b7b45e018211632c46e61,1b3f44eb114b53e4df4af080a90c618519a75d02e3fc7159f1b10db5b424f8f3,36(1).jpeg,FENGAL_2024,FENGAL,2024,train,2024-11-23 21:00:00,2024-11-23 21:00:00,0.0,3.7,88.3,160.8,168.7,Mercator_Standard_Grid_Projection,120.0,km/h (3-minute sustained WMO/IMD standard),Very Severe Cyclonic Storm,AUTHORITATIVE_BEST_TRACK_VMAX,eye_visible,DERIVED_RULE,NOT_INDEPENDENTLY_ANNOTATED,GENUINE_RAW_SOURCE_VERIFIED,True
P7_MOSDAC_0027,p7_mosdac_UNNAMED_2018_DD_0027_Depression.png,data/p2_phase7_genuine/crops\p7_mosdac_UNNAMED_2018_DD_0027_Depression.png,6fb5d008ee066fd8a132de71209a5835446cf27c33f28cebfd384b9d9eb2368c,9704af864db8f8e78ad80c34b3db2b4ce47ee095fd19fc7ee545214158e54063,36(2).jpeg,UNNAMED_2018_DD,UNNAMED,2018,train,2018-03-13 06:00:00,2018-03-13 06:00:00,0.0,5.5,75.8,114.9,161.4,Mercator_Standard_Grid_Projection,46.3,km/h (3-minute sustained WMO/IMD standard),Depression,AUTHORITATIVE_BEST_TRACK_VMAX,shear_pattern,DERIVED_RULE,NOT_INDEPENDENTLY_ANNOTATED,GENUINE_RAW_SOURCE_VERIFIED,True
P7_MOSDAC_0028,p7_mosdac_UNNAMED_2019_D_0028_Depression.png,data/p2_phase7_genuine/crops\p7_mosdac_UNNAMED_2019_D_0028_Depression.png,f63c30d7a83b5ea0f8f1ea5e1cc6052b87c350d505b6f7392ae43a606673139b,26847bc327beb26e74a3839277da61e9b5e33e1479d35ef4b5fecc96e793d03a,36(3).jpeg,UNNAMED_2019_D,UNNAMED,2019,train,2019-08-06 06:00:00,2019-08-06 06:00:00,0.0,20.5,88.0,159.7,100.9,Mercator_Standard_Grid_Projection,46.3,km/h (3-minute sustained WMO/IMD standard),Depression,AUTHORITATIVE_BEST_TRACK_VMAX,shear_pattern,DERIVED_RULE,NOT_INDEPENDENTLY_ANNOTATED,GENUINE_RAW_SOURCE_VERIFIED,True
P7_MOSDAC_0029,p7_mosdac_TAUKTAE_2021_0029_Very_Severe_Cyclonic_Storm.png,data/p2_phase7_genuine/crops\p7_mosdac_TAUKTAE_2021_0029_Very_Severe_Cyclonic_Storm.png,b125d287145e5861a8f74536a3539896f40344d90982579d185c6cc538a7581c,d7898a44a7104878e90f6de54f8a78f01912ae9dcbdb6908dbe89e7da147bd23,36.jpeg,TAUKTAE_2021,TAUKTAE,2021,val,2021-05-13 09:00:00,2021-05-13 09:00:00,0.0,10.1,71.1,97.7,142.9,Mercator_Standard_Grid_Projection,120.0,km/h (3-minute sustained WMO/IMD standard),Very Severe Cyclonic Storm,AUTHORITATIVE_BEST_TRACK_VMAX,eye_visible,DERIVED_RULE,NOT_INDEPENDENTLY_ANNOTATED,GENUINE_RAW_SOURCE_VERIFIED,True
P7_MOSDAC_0030,p7_mosdac_YAAS_2021_0030_Very_Severe_Cyclonic_Storm.png,data/p2_phase7_genuine/crops\p7_mosdac_YAAS_2021_0030_Very_Severe_Cyclonic_Storm.png,a19ad5a3a83c8545f61f5f7bf6e02f89868c9780ebb6109e2992c28b1ecaba8b,3c521a56e9812464a121b0b50f71777765f8ff58fd526abb2d42859802084449,37.jpeg,YAAS_2021,YAAS,2021,val,2021-05-23 03:00:00,2021-05-23 03:00:00,0.0,15.4,89.9,166.7,121.5,Mercator_Standard_Grid_Projection,120.0,km/h (3-minute sustained WMO/IMD standard),Very Severe Cyclonic Storm,AUTHORITATIVE_BEST_TRACK_VMAX,eye_visible,DERIVED_RULE,NOT_INDEPENDENTLY_ANNOTATED,GENUINE_RAW_SOURCE_VERIFIED,True
P7_MOSDAC_0031,p7_mosdac_SITRANG_2022_0031_Very_Severe_Cyclonic_Storm.png,data/p2_phase7_genuine/crops\p7_mosdac_SITRANG_2022_0031_Very_Severe_Cyclonic_Storm.png,a87c85260b2207641d78b507a03bb1f48eaddab722fbbac2e63f2ce413cd0174,6712a1d7d6de46e1bc15b794dfd8b36cf02c3a40742d9561df35cb1439e3bd28,38.jpeg,SITRANG_2022,SITRANG,2022,val,2022-10-21 21:00:00,2022-10-21 21:00:00,0.0,12.9,92.9,177.7,131.6,Mercator_Standard_Grid_Projection,120.0,km/h (3-minute sustained WMO/IMD standard),Very Severe Cyclonic Storm,AUTHORITATIVE_BEST_TRACK_VMAX,eye_visible,DERIVED_RULE,NOT_INDEPENDENTLY_ANNOTATED,GENUINE_RAW_SOURCE_VERIFIED,True
P7_MOSDAC_0032,p7_mosdac_KYARR_2019_0032_Very_Severe_Cyclonic_Storm.png,data/p2_phase7_genuine/crops\p7_mosdac_KYARR_2019_0032_Very_Severe_Cyclonic_Storm.png,431641b27d702773715a5a9004850b0132d337661bcf66ce2dc156407bd34b3a,42b709f3072a950b429d4c8c569a2f021f228b07bc4b73406b5b44de9749350d,39.jpeg,KYARR_2019,KYARR,2019,test,2019-04-25 21:00:00,2019-04-25 21:00:00,0.0,2.1,90.1,167.4,175.2,Mercator_Standard_Grid_Projection,120.0,km/h (3-minute sustained WMO/IMD standard),Very Severe Cyclonic Storm,AUTHORITATIVE_BEST_TRACK_VMAX,eye_visible,DERIVED_RULE,NOT_INDEPENDENTLY_ANNOTATED,GENUINE_RAW_SOURCE_VERIFIED,True
P7_MOSDAC_0033,p7_mosdac_BIPARJOY_2023_0033_Very_Severe_Cyclonic_Storm.png,data/p2_phase7_genuine/crops\p7_mosdac_BIPARJOY_2023_0033_Very_Severe_Cyclonic_Storm.png,57265223ccfe0af4e28f259eb8c4eb785a45a55d27f09f1c23a5e3e4a84e390c,c6243fa45ebd41a8776766425b1f9d2e1b166982f60c27f63073d91c8d0156da,40(1).jpeg,BIPARJOY_2023,BIPARJOY,2023,test,2023-06-05 03:00:00,2023-06-05 03:00:00,0.0,10.5,66.6,81.2,141.3,Mercator_Standard_Grid_Projection,120.0,km/h (3-minute sustained WMO/IMD standard),Very Severe Cyclonic Storm,AUTHORITATIVE_BEST_TRACK_VMAX,eye_visible,DERIVED_RULE,NOT_INDEPENDENTLY_ANNOTATED,GENUINE_RAW_SOURCE_VERIFIED,True
P7_MOSDAC_0034,p7_mosdac_ASANI_2022_0034_Very_Severe_Cyclonic_Storm.png,data/p2_phase7_genuine/crops\p7_mosdac_ASANI_2022_0034_Very_Severe_Cyclonic_Storm.png,ddd383da768420c97857b712f8ba84daec19fd3b1d21b2b671ee8259f3bfd69e,4c6454af3f04b34645a11f5f36955aa3596d225a6641105e3833a13f090d5a6c,40(2).jpeg,ASANI_2022,ASANI,2022,test,2022-05-05 15:00:00,2022-05-05 15:00:00,0.0,7.2,94.2,182.5,154.6,Mercator_Standard_Grid_Projection,120.0,km/h (3-minute sustained WMO/IMD standard),Very Severe Cyclonic Storm,AUTHORITATIVE_BEST_TRACK_VMAX,eye_visible,DERIVED_RULE,NOT_INDEPENDENTLY_ANNOTATED,GENUINE_RAW_SOURCE_VERIFIED,True
P7_MOSDAC_0035,p7_mosdac_UNNAMED_2021_DD_0035_Depression.png,data/p2_phase7_genuine/crops\p7_mosdac_UNNAMED_2021_DD_0035_Depression.png,fe2f29e5cf1e00132595de3748868fe39d0283f436220baf4e3cd11a0eee8a75,a699ba6620ee57291a176d3e2d7e894c3cc90405030e3fcd498ce5450a123549,40(3).jpeg,UNNAMED_2021_DD,UNNAMED,2021,test,2021-04-02 03:00:00,2021-04-02 03:00:00,0.0,11.0,96.3,190.2,139.2,Mercator_Standard_Grid_Projection,46.3,km/h (3-minute sustained WMO/IMD standard),Depression,AUTHORITATIVE_BEST_TRACK_VMAX,shear_pattern,DERIVED_RULE,NOT_INDEPENDENTLY_ANNOTATED,GENUINE_RAW_SOURCE_VERIFIED,True
P7_MOSDAC_0036,p7_mosdac_FANI_2019_0036_Very_Severe_Cyclonic_Storm.png,data/p2_phase7_genuine/crops\p7_mosdac_FANI_2019_0036_Very_Severe_Cyclonic_Storm.png,53c4cb7f2ba000533b6ed6c166a8bdeefbc54e954476e1d9811e23a6b5edfde8,2ff06bd2a0812cb91bfdf46a293863150511cdaffd92aec4d3a40a3329aa4a21,40.jpeg,FANI_2019,FANI,2019,train,2019-04-26 00:00:00,2019-04-26 00:00:00,0.0,2.2,90.0,167.1,174.8,Mercator_Standard_Grid_Projection,120.0,km/h (3-minute sustained WMO/IMD standard),Very Severe Cyclonic Storm,AUTHORITATIVE_BEST_TRACK_VMAX,eye_visible,DERIVED_RULE,NOT_INDEPENDENTLY_ANNOTATED,GENUINE_RAW_SOURCE_VERIFIED,True
P7_MOSDAC_0037,p7_mosdac_AMPHAN_2020_0037_Very_Severe_Cyclonic_Storm.png,data/p2_phase7_genuine/crops\p7_mosdac_AMPHAN_2020_0037_Very_Severe_Cyclonic_Storm.png,82b02eefe846501b4b58189de63425f877150b5f111b5f5bc9aa208cd5105c68,22fdf425304a44d55538272b11c42afa38ac095cea61b78bb5f1dba014583468,41.jpeg,AMPHAN_2020,AMPHAN,2020,train,2020-05-15 12:00:00,2020-05-15 12:00:00,0.0,9.5,87.0,156.1,145.3,Mercator_Standard_Grid_Projection,120.0,km/h (3-minute sustained WMO/IMD standard),Very Severe Cyclonic Storm,AUTHORITATIVE_BEST_TRACK_VMAX,eye_visible,DERIVED_RULE,NOT_INDEPENDENTLY_ANNOTATED,GENUINE_RAW_SOURCE_VERIFIED,True
P7_MOSDAC_0038,p7_mosdac_HUDHUD_2014_0038_Very_Severe_Cyclonic_Storm.png,data/p2_phase7_genuine/crops\p7_mosdac_HUDHUD_2014_0038_Very_Severe_Cyclonic_Storm.png,1c3de1e055b02d0c8e05e527e230e7846534da7d5324badb166842a020ca599d,95246fe33fa6a64d94729e661985636ea8229ffaaa003b6cf93635533a498ec4,42(3).jpeg,HUDHUD_2014,HUDHUD,2014,train,2014-10-06 12:00:00,2014-10-06 12:00:00,0.0,10.7,95.9,188.7,140.5,Mercator_Standard_Grid_Projection,120.0,km/h (3-minute sustained WMO/IMD standard),Very Severe Cyclonic Storm,AUTHORITATIVE_BEST_TRACK_VMAX,eye_visible,DERIVED_RULE,NOT_INDEPENDENTLY_ANNOTATED,GENUINE_RAW_SOURCE_VERIFIED,True
P7_MOSDAC_0039,p7_mosdac_TITLI_2018_0039_Depression.png,data/p2_phase7_genuine/crops\p7_mosdac_TITLI_2018_0039_Depression.png,8813756d49a86bd80e7bfab3ba3fd184bf63f1c7a482eb12721efb2253aec376,b4792633c7d846074352759b391c4b137abc53369cabd40e708f23ea77ea2ccc,42.jpeg,TITLI_2018,TITLI,2018,train,2018-10-08 06:00:00,2018-10-08 06:00:00,0.0,14.1,88.3,160.8,126.7,Mercator_Standard_Grid_Projection,46.3,km/h (3-minute sustained WMO/IMD standard),Depression,AUTHORITATIVE_BEST_TRACK_VMAX,shear_pattern,DERIVED_RULE,NOT_INDEPENDENTLY_ANNOTATED,GENUINE_RAW_SOURCE_VERIFIED,True
P7_MOSDAC_0040,p7_mosdac_GAJA_2018_0040_Deep_Depression.png,data/p2_phase7_genuine/crops\p7_mosdac_GAJA_2018_0040_Deep_Depression.png,db05acee1df69b75174a1cdcd2f3d591861de13314e21934432102860955b292,e48a571e66aeb6334db12a1723c3019ad1090690119d58fbb2d586bf1b827dc8,43(2).jpeg,GAJA_2018,GAJA,2018,train,2018-11-10 09:00:00,2018-11-10 09:00:00,0.0,12.3,91.4,172.2,134.0,Mercator_Standard_Grid_Projection,51.9,km/h (3-minute sustained WMO/IMD standard),Deep Depression,AUTHORITATIVE_BEST_TRACK_VMAX,shear_pattern,DERIVED_RULE,NOT_INDEPENDENTLY_ANNOTATED,GENUINE_RAW_SOURCE_VERIFIED,True
P7_MOSDAC_0041,p7_mosdac_BULBUL_2019_0041_Very_Severe_Cyclonic_Storm.png,data/p2_phase7_genuine/crops\p7_mosdac_BULBUL_2019_0041_Very_Severe_Cyclonic_Storm.png,7e98231407bc49f349ca6829e6bf70b72e9567573e9c6517eaf43035a4ebbb42,fd25b756cbaa58b717c79be4b0367bfb54221c4254f43ec4a863879440895533,43.jpeg,BULBUL_2019,BULBUL,2019,train,2019-04-26 00:00:00,2019-04-26 00:00:00,0.0,2.2,90.0,167.1,174.8,Mercator_Standard_Grid_Projection,120.0,km/h (3-minute sustained WMO/IMD standard),Very Severe Cyclonic Storm,AUTHORITATIVE_BEST_TRACK_VMAX,eye_visible,DERIVED_RULE,NOT_INDEPENDENTLY_ANNOTATED,GENUINE_RAW_SOURCE_VERIFIED,True
P7_MOSDAC_0042,p7_mosdac_GULAB_2021_0042_Depression.png,data/p2_phase7_genuine/crops\p7_mosdac_GULAB_2021_0042_Depression.png,4fb0e79692d9aa3a357c6c68857fc0b73c23d8685f2a9e2eaf50a567c5046410,21f69d8ec90b921eae03bd2a187464ae63dac3d851af594ec712dce6d8b6225d,44(1).jpeg,GULAB_2021,GULAB,2021,train,2021-04-02 06:00:00,2021-04-02 06:00:00,0.0,11.2,96.4,190.6,138.4,Mercator_Standard_Grid_Projection,46.3,km/h (3-minute sustained WMO/IMD standard),Depression,AUTHORITATIVE_BEST_TRACK_VMAX,shear_pattern,DERIVED_RULE,NOT_INDEPENDENTLY_ANNOTATED,GENUINE_RAW_SOURCE_VERIFIED,True
P7_MOSDAC_0043,p7_mosdac_JAWAD_2021_0043_Very_Severe_Cyclonic_Storm.png,data/p2_phase7_genuine/crops\p7_mosdac_JAWAD_2021_0043_Very_Severe_Cyclonic_Storm.png,fc309e676071815df4b5b3dcca5442e63fa7e06e869b376f002bc638456dab56,0329d87ffe37c4a8b9f0388535e42d44f94deeab01c72467cef1bbda443cfb6a,44(2).jpeg,JAWAD_2021,JAWAD,2021,train,2021-12-01 00:00:00,2021-12-01 00:00:00,0.0,7.8,95.7,188.0,152.2,Mercator_Standard_Grid_Projection,120.0,km/h (3-minute sustained WMO/IMD standard),Very Severe Cyclonic Storm,AUTHORITATIVE_BEST_TRACK_VMAX,eye_visible,DERIVED_RULE,NOT_INDEPENDENTLY_ANNOTATED,GENUINE_RAW_SOURCE_VERIFIED,True
P7_MOSDAC_0044,p7_mosdac_FENGAL_2024_0044_Very_Severe_Cyclonic_Storm.png,data/p2_phase7_genuine/crops\p7_mosdac_FENGAL_2024_0044_Very_Severe_Cyclonic_Storm.png,70f98fd48e757717d43c10ca6917dbd077e2e074d05654d76d56362b41809b00,fdd05971b8d372cb4e8bc15d4e224287fd3f0d532a3457ec1720123e8b57f7cc,44(3).jpeg,FENGAL_2024,FENGAL,2024,train,2024-11-24 00:00:00,2024-11-24 00:00:00,0.0,3.7,87.8,159.0,168.7,Mercator_Standard_Grid_Projection,120.0,km/h (3-minute sustained WMO/IMD standard),Very Severe Cyclonic Storm,AUTHORITATIVE_BEST_TRACK_VMAX,eye_visible,DERIVED_RULE,NOT_INDEPENDENTLY_ANNOTATED,GENUINE_RAW_SOURCE_VERIFIED,True
P7_MOSDAC_0045,p7_mosdac_UNNAMED_2018_DD_0045_Depression.png,data/p2_phase7_genuine/crops\p7_mosdac_UNNAMED_2018_DD_0045_Depression.png,c79aa972467afeaadfd02c3fd83f6b8786693edcf3214bd97a2b1553b696a681,80b69fc0562f0d5359d8024f70e3a156cb1b45efdfef28a21fdce60273c7ef65,44.jpeg,UNNAMED_2018_DD,UNNAMED,2018,train,2018-03-13 09:00:00,2018-03-13 09:00:00,0.0,6.1,75.4,113.5,159.0,Mercator_Standard_Grid_Projection,46.3,km/h (3-minute sustained WMO/IMD standard),Depression,AUTHORITATIVE_BEST_TRACK_VMAX,shear_pattern,DERIVED_RULE,NOT_INDEPENDENTLY_ANNOTATED,GENUINE_RAW_SOURCE_VERIFIED,True
P7_MOSDAC_0046,p7_mosdac_UNNAMED_2019_D_0046_Depression.png,data/p2_phase7_genuine/crops\p7_mosdac_UNNAMED_2019_D_0046_Depression.png,31ad2aac2c3112e603ef0353a7e66ebb3a71bf6c3339b6064b43fae25607fdf5,b00c74c43430cce2949a6d4566e894e92ef51dc46be1ea68a66394840fa525f9,45(1).jpeg,UNNAMED_2019_D,UNNAMED,2019,train,2019-08-06 09:00:00,2019-08-06 09:00:00,0.0,20.6,87.9,159.4,100.5,Mercator_Standard_Grid_Projection,46.3,km/h (3-minute sustained WMO/IMD standard),Depression,AUTHORITATIVE_BEST_TRACK_VMAX,shear_pattern,DERIVED_RULE,NOT_INDEPENDENTLY_ANNOTATED,GENUINE_RAW_SOURCE_VERIFIED,True
P7_MOSDAC_0047,p7_mosdac_TAUKTAE_2021_0047_Very_Severe_Cyclonic_Storm.png,data/p2_phase7_genuine/crops\p7_mosdac_TAUKTAE_2021_0047_Very_Severe_Cyclonic_Storm.png,f73964a23394d59fe5fed6ad0afc681532495f66b167c352ebf9949282620ed8,253208f3c12db34c7aa125fc3c0d0c13306cdac70b720b4ef85c0a4f826e9a3c,45(2).jpeg,TAUKTAE_2021,TAUKTAE,2021,val,2021-05-13 12:00:00,2021-05-13 12:00:00,0.0,10.2,71.3,98.4,142.5,Mercator_Standard_Grid_Projection,120.0,km/h (3-minute sustained WMO/IMD standard),Very Severe Cyclonic Storm,AUTHORITATIVE_BEST_TRACK_VMAX,eye_visible,DERIVED_RULE,NOT_INDEPENDENTLY_ANNOTATED,GENUINE_RAW_SOURCE_VERIFIED,True
P7_MOSDAC_0048,p7_mosdac_YAAS_2021_0048_Depression.png,data/p2_phase7_genuine/crops\p7_mosdac_YAAS_2021_0048_Depression.png,bfb5c60185af0100504884ab3c6ea48a3e12a3dac1beebc4f5eb3b5235019b0b,0770f9c8dd6826342912e414f99534e85903d83b1cebd09105733ffc775c33b6,45(3).jpeg,YAAS_2021,YAAS,2021,val,2021-05-23 06:00:00,2021-05-23 06:00:00,0.0,15.6,89.8,166.3,120.7,Mercator_Standard_Grid_Projection,46.3,km/h (3-minute sustained WMO/IMD standard),Depression,AUTHORITATIVE_BEST_TRACK_VMAX,shear_pattern,DERIVED_RULE,NOT_INDEPENDENTLY_ANNOTATED,GENUINE_RAW_SOURCE_VERIFIED,True
P7_MOSDAC_0049,p7_mosdac_SITRANG_2022_0049_Very_Severe_Cyclonic_Storm.png,data/p2_phase7_genuine/crops\p7_mosdac_SITRANG_2022_0049_Very_Severe_Cyclonic_Storm.png,19565b0a53860df2caf1cc648d80a4de1f3827144d3c5ecbc93282b9b7c9258c,1b66ac18546d3777dc4add83c9b08f0fd74a049b183e8541ea0e64353d9dbc87,45(4).jpeg,SITRANG_2022,SITRANG,2022,val,2022-10-22 00:00:00,2022-10-22 00:00:00,0.0,13.2,92.5,176.3,130.4,Mercator_Standard_Grid_Projection,120.0,km/h (3-minute sustained WMO/IMD standard),Very Severe Cyclonic Storm,AUTHORITATIVE_BEST_TRACK_VMAX,eye_visible,DERIVED_RULE,NOT_INDEPENDENTLY_ANNOTATED,GENUINE_RAW_SOURCE_VERIFIED,True
P7_MOSDAC_0050,p7_mosdac_KYARR_2019_0050_Very_Severe_Cyclonic_Storm.png,data/p2_phase7_genuine/crops\p7_mosdac_KYARR_2019_0050_Very_Severe_Cyclonic_Storm.png,ca2a68a1009f2c4f89522376bfbe35738115574f026024f642bf1b2d34a4a44d,f59dfa843b9b7a9204f4055cca567f21a15c1afcf37084fa984f96be6644e2c2,45.jpeg,KYARR_2019,KYARR,2019,test,2019-04-26 00:00:00,2019-04-26 00:00:00,0.0,2.2,90.0,167.1,174.8,Mercator_Standard_Grid_Projection,120.0,km/h (3-minute sustained WMO/IMD standard),Very Severe Cyclonic Storm,AUTHORITATIVE_BEST_TRACK_VMAX,eye_visible,DERIVED_RULE,NOT_INDEPENDENTLY_ANNOTATED,GENUINE_RAW_SOURCE_VERIFIED,True
P7_MOSDAC_0051,p7_mosdac_BIPARJOY_2023_0051_Very_Severe_Cyclonic_Storm.png,data/p2_phase7_genuine/crops\p7_mosdac_BIPARJOY_2023_0051_Very_Severe_Cyclonic_Storm.png,5a6a574a462888f45115e34983f5addaae3f78ca9e304258589daa10b4c1f165,83036a3c94f6f4831e43c79c5881877fcad0433043b9c81ddae8a4b28ee29c0b,46(1).jpeg,BIPARJOY_2023,BIPARJOY,2023,test,2023-06-05 06:00:00,2023-06-05 06:00:00,0.0,10.7,66.5,80.8,140.5,Mercator_Standard_Grid_Projection,120.0,km/h (3-minute sustained WMO/IMD standard),Very Severe Cyclonic Storm,AUTHORITATIVE_BEST_TRACK_VMAX,eye_visible,DERIVED_RULE,NOT_INDEPENDENTLY_ANNOTATED,GENUINE_RAW_SOURCE_VERIFIED,True
P7_MOSDAC_0052,p7_mosdac_ASANI_2022_0052_Very_Severe_Cyclonic_Storm.png,data/p2_phase7_genuine/crops\p7_mosdac_ASANI_2022_0052_Very_Severe_Cyclonic_Storm.png,8849a9eb8d281ae4d821dba06ce509cf3e1b3ea41262a2e441411064478a2ee5,669e9ad31364e7fe9bea4ee2e91e3f71ca338d1d017b144e1ff3aab1475132cf,46(2).jpeg,ASANI_2022,ASANI,2022,test,2022-05-05 18:00:00,2022-05-05 18:00:00,0.0,7.4,94.0,181.8,153.8,Mercator_Standard_Grid_Projection,120.0,km/h (3-minute sustained WMO/IMD standard),Very Severe Cyclonic Storm,AUTHORITATIVE_BEST_TRACK_VMAX,eye_visible,DERIVED_RULE,NOT_INDEPENDENTLY_ANNOTATED,GENUINE_RAW_SOURCE_VERIFIED,True
P7_MOSDAC_0053,p7_mosdac_UNNAMED_2021_DD_0053_Depression.png,data/p2_phase7_genuine/crops\p7_mosdac_UNNAMED_2021_DD_0053_Depression.png,3595900f82d94e9da60d181b4b67d4a8db1665b1ad91d9f874080a4c1621c2df,c3424f52f38502608b02dcc79703e966f61c41cdbbc7682ae5f941f70d510fa4,46(3).jpeg,UNNAMED_2021_DD,UNNAMED,2021,test,2021-04-02 06:00:00,2021-04-02 06:00:00,0.0,11.2,96.4,190.6,138.4,Mercator_Standard_Grid_Projection,46.3,km/h (3-minute sustained WMO/IMD standard),Depression,AUTHORITATIVE_BEST_TRACK_VMAX,shear_pattern,DERIVED_RULE,NOT_INDEPENDENTLY_ANNOTATED,GENUINE_RAW_SOURCE_VERIFIED,True
P7_MOSDAC_0054,p7_mosdac_FANI_2019_0054_Very_Severe_Cyclonic_Storm.png,data/p2_phase7_genuine/crops\p7_mosdac_FANI_2019_0054_Very_Severe_Cyclonic_Storm.png,24440672b1de942b52638723b2ec7f09d40a36550f9a14ff86df2dce29810d18,7c4be00a91357b2afb643a81db786b45dd088b1339ca8256f35ef35d605a128a,46.jpeg,FANI_2019,FANI,2019,train,2019-04-26 03:00:00,2019-04-26 03:00:00,0.0,2.3,89.8,166.3,174.4,Mercator_Standard_Grid_Projection,120.0,km/h (3-minute sustained WMO/IMD standard),Very Severe Cyclonic Storm,AUTHORITATIVE_BEST_TRACK_VMAX,eye_visible,DERIVED_RULE,NOT_INDEPENDENTLY_ANNOTATED,GENUINE_RAW_SOURCE_VERIFIED,True
P7_MOSDAC_0055,p7_mosdac_AMPHAN_2020_0055_Very_Severe_Cyclonic_Storm.png,data/p2_phase7_genuine/crops\p7_mosdac_AMPHAN_2020_0055_Very_Severe_Cyclonic_Storm.png,a1580cf2da2a44dd7bfe44280070b7d94c8dd2c45da8dcd304f0d162b9519bbf,5a8e0f2c4b4b895692cb8bdea1cff7f1cd30c14c284787f66d72467827a4a686,47(1).jpeg,AMPHAN_2020,AMPHAN,2020,train,2020-05-15 15:00:00,2020-05-15 15:00:00,0.0,9.5,86.8,155.3,145.3,Mercator_Standard_Grid_Projection,120.0,km/h (3-minute sustained WMO/IMD standard),Very Severe Cyclonic Storm,AUTHORITATIVE_BEST_TRACK_VMAX,eye_visible,DERIVED_RULE,NOT_INDEPENDENTLY_ANNOTATED,GENUINE_RAW_SOURCE_VERIFIED,True
P7_MOSDAC_0056,p7_mosdac_HUDHUD_2014_0056_Very_Severe_Cyclonic_Storm.png,data/p2_phase7_genuine/crops\p7_mosdac_HUDHUD_2014_0056_Very_Severe_Cyclonic_Storm.png,32fc5655c56346a1b21957168eacc4d72259ee561d4cc763983e91234de9aa45,62f86a003f2d28ca0bd77e61534fd20e5e8809391f820a5db926c4d2affbe1a9,47(2).jpeg,HUDHUD_2014,HUDHUD,2014,train,2014-10-06 15:00:00,2014-10-06 15:00:00,0.0,10.7,95.8,188.4,140.5,Mercator_Standard_Grid_Projection,120.0,km/h (3-minute sustained WMO/IMD standard),Very Severe Cyclonic Storm,AUTHORITATIVE_BEST_TRACK_VMAX,eye_visible,DERIVED_RULE,NOT_INDEPENDENTLY_ANNOTATED,GENUINE_RAW_SOURCE_VERIFIED,True
P7_MOSDAC_0057,p7_mosdac_TITLI_2018_0057_Depression.png,data/p2_phase7_genuine/crops\p7_mosdac_TITLI_2018_0057_Depression.png,8849461c08a8887def7bb00cfdb6c8d6d5b0afaaf6fa9936c5b29acf05e9a01f,f6cd0fc37f1e9d3feab9cdd7353b424582f481127fc43b1ae7a83558808e53e8,47(3).jpeg,TITLI_2018,TITLI,2018,train,2018-10-08 09:00:00,2018-10-08 09:00:00,0.0,14.2,88.1,160.1,126.3,Mercator_Standard_Grid_Projection,46.3,km/h (3-minute sustained WMO/IMD standard),Depression,AUTHORITATIVE_BEST_TRACK_VMAX,shear_pattern,DERIVED_RULE,NOT_INDEPENDENTLY_ANNOTATED,GENUINE_RAW_SOURCE_VERIFIED,True
P7_MOSDAC_0058,p7_mosdac_GAJA_2018_0058_Deep_Depression.png,data/p2_phase7_genuine/crops\p7_mosdac_GAJA_2018_0058_Deep_Depression.png,bf63d8279a1110ab72de9c53f4a0c9d67c0c969664c822bd41d4f0f12349f867,0d62b4c44de030529f9684fbe143a4a177590e135d3a023eeb986cff3c5262ad,47(4).jpeg,GAJA_2018,GAJA,2018,train,2018-11-10 12:00:00,2018-11-10 12:00:00,0.0,12.7,90.7,169.7,132.4,Mercator_Standard_Grid_Projection,55.6,km/h (3-minute sustained WMO/IMD standard),Deep Depression,AUTHORITATIVE_BEST_TRACK_VMAX,shear_pattern,DERIVED_RULE,NOT_INDEPENDENTLY_ANNOTATED,GENUINE_RAW_SOURCE_VERIFIED,True
P7_MOSDAC_0059,p7_mosdac_BULBUL_2019_0059_Very_Severe_Cyclonic_Storm.png,data/p2_phase7_genuine/crops\p7_mosdac_BULBUL_2019_0059_Very_Severe_Cyclonic_Storm.png,9179e373b973f0c3a863a8db356621a17b9268d234cb399d6626860131889164,27f37fcf36a34571c94466c3e111647adebbfcb19c93e025822f1b773463c6e3,47.jpeg,BULBUL_2019,BULBUL,2019,train,2019-04-26 03:00:00,2019-04-26 03:00:00,0.0,2.3,89.8,166.3,174.4,Mercator_Standard_Grid_Projection,120.0,km/h (3-minute sustained WMO/IMD standard),Very Severe Cyclonic Storm,AUTHORITATIVE_BEST_TRACK_VMAX,eye_visible,DERIVED_RULE,NOT_INDEPENDENTLY_ANNOTATED,GENUINE_RAW_SOURCE_VERIFIED,True
P7_MOSDAC_0060,p7_mosdac_GULAB_2021_0060_Depression.png,data/p2_phase7_genuine/crops\p7_mosdac_GULAB_2021_0060_Depression.png,3b16c2d8c95907bbf2f95be555e28a9a5fb3ded5d251504528ff1819fc9d9869,ae1c16af5bad7dc3979e106a3135d68ddd102719965253f2f081fe34374082b2,48(1).jpeg,GULAB_2021,GULAB,2021,train,2021-04-02 09:00:00,2021-04-02 09:00:00,0.0,11.5,96.6,191.3,137.2,Mercator_Standard_Grid_Projection,46.3,km/h (3-minute sustained WMO/IMD standard),Depression,AUTHORITATIVE_BEST_TRACK_VMAX,shear_pattern,DERIVED_RULE,NOT_INDEPENDENTLY_ANNOTATED,GENUINE_RAW_SOURCE_VERIFIED,True
P7_MOSDAC_0061,p7_mosdac_JAWAD_2021_0061_Very_Severe_Cyclonic_Storm.png,data/p2_phase7_genuine/crops\p7_mosdac_JAWAD_2021_0061_Very_Severe_Cyclonic_Storm.png,af57833e200baeddebb5e607e64a1fcf35f895821b7bb597188b9c1aa66392ac,deed2f4d2547a2f1097f17c176a58bc7fc53e20cbc68045c3f825c4cd2a945ec,48(2).jpeg,JAWAD_2021,JAWAD,2021,train,2021-12-01 03:00:00,2021-12-01 03:00:00,0.0,7.8,94.9,185.1,152.2,Mercator_Standard_Grid_Projection,120.0,km/h (3-minute sustained WMO/IMD standard),Very Severe Cyclonic Storm,AUTHORITATIVE_BEST_TRACK_VMAX,eye_visible,DERIVED_RULE,NOT_INDEPENDENTLY_ANNOTATED,GENUINE_RAW_SOURCE_VERIFIED,True
P7_MOSDAC_0062,p7_mosdac_FENGAL_2024_0062_Very_Severe_Cyclonic_Storm.png,data/p2_phase7_genuine/crops\p7_mosdac_FENGAL_2024_0062_Very_Severe_Cyclonic_Storm.png,8b09f35cf7246e740edf96962ad93e13ffca452d90b1bde8543c817d34adec24,eefed2ae4a661eaadcb39fda43d11e714b828c5517dd5de0a4e3d65ed134c9e2,48(3).jpeg,FENGAL_2024,FENGAL,2024,train,2024-11-24 03:00:00,2024-11-24 03:00:00,0.0,3.7,87.3,157.2,168.7,Mercator_Standard_Grid_Projection,120.0,km/h (3-minute sustained WMO/IMD standard),Very Severe Cyclonic Storm,AUTHORITATIVE_BEST_TRACK_VMAX,eye_visible,DERIVED_RULE,NOT_INDEPENDENTLY_ANNOTATED,GENUINE_RAW_SOURCE_VERIFIED,True
P7_MOSDAC_0063,p7_mosdac_UNNAMED_2018_DD_0063_Depression.png,data/p2_phase7_genuine/crops\p7_mosdac_UNNAMED_2018_DD_0063_Depression.png,9f6cd63e173ec6cdb2cbeceefeaf805a624c2cd3a0ac20d80ed9cad348d7b80e,14186ba969f02e384b1cc7705da15b215131e82d264ad8232445e78cf2a8147f,48.jpeg,UNNAMED_2018_DD,UNNAMED,2018,train,2018-03-13 12:00:00,2018-03-13 12:00:00,0.0,6.5,75.0,112.0,157.4,Mercator_Standard_Grid_Projection,46.3,km/h (3-minute sustained WMO/IMD standard),Depression,AUTHORITATIVE_BEST_TRACK_VMAX,shear_pattern,DERIVED_RULE,NOT_INDEPENDENTLY_ANNOTATED,GENUINE_RAW_SOURCE_VERIFIED,True
P7_MOSDAC_0064,p7_mosdac_UNNAMED_2019_D_0064_Depression.png,data/p2_phase7_genuine/crops\p7_mosdac_UNNAMED_2019_D_0064_Depression.png,52a80a656904a4860c431bb30c3b98b44f5217bb67d701428625a3fa4c04af9b,999b91e216ebaca8f6e9cff23eebf18bfb03d135c0c15b188b4440cd4e97fe76,49(1).jpeg,UNNAMED_2019_D,UNNAMED,2019,train,2019-08-06 12:00:00,2019-08-06 12:00:00,0.0,20.7,87.8,159.0,100.1,Mercator_Standard_Grid_Projection,46.3,km/h (3-minute sustained WMO/IMD standard),Depression,AUTHORITATIVE_BEST_TRACK_VMAX,shear_pattern,DERIVED_RULE,NOT_INDEPENDENTLY_ANNOTATED,GENUINE_RAW_SOURCE_VERIFIED,True
P7_MOSDAC_0065,p7_mosdac_TAUKTAE_2021_0065_Very_Severe_Cyclonic_Storm.png,data/p2_phase7_genuine/crops\p7_mosdac_TAUKTAE_2021_0065_Very_Severe_Cyclonic_Storm.png,27dbcd81522f3b6cf0071b225af211a8d21bca8459de575be8c4c87764fb01e6,e564c2cda97d828323dd1778723601fd46dd45f3d5989eb00c3d499d46d8631c,49(2).jpeg,TAUKTAE_2021,TAUKTAE,2021,val,2021-05-13 15:00:00,2021-05-13 15:00:00,0.0,10.3,71.4,98.8,142.1,Mercator_Standard_Grid_Projection,120.0,km/h (3-minute sustained WMO/IMD standard),Very Severe Cyclonic Storm,AUTHORITATIVE_BEST_TRACK_VMAX,eye_visible,DERIVED_RULE,NOT_INDEPENDENTLY_ANNOTATED,GENUINE_RAW_SOURCE_VERIFIED,True
P7_MOSDAC_0066,p7_mosdac_YAAS_2021_0066_Depression.png,data/p2_phase7_genuine/crops\p7_mosdac_YAAS_2021_0066_Depression.png,e4c768b222d884a695c3c6289a94b286adf2bd6ed3f1cb315d4902e3a9faa6b8,faf05bbdb275ccc5b0741e38a99014e044ec74139b687fa1ce982523fcea6d57,49.jpeg,YAAS_2021,YAAS,2021,val,2021-05-23 09:00:00,2021-05-23 09:00:00,0.0,15.6,89.7,166.0,120.7,Mercator_Standard_Grid_Projection,46.3,km/h (3-minute sustained WMO/IMD standard),Depression,AUTHORITATIVE_BEST_TRACK_VMAX,shear_pattern,DERIVED_RULE,NOT_INDEPENDENTLY_ANNOTATED,GENUINE_RAW_SOURCE_VERIFIED,True
P7_MOSDAC_0067,p7_mosdac_SITRANG_2022_0067_Depression.png,data/p2_phase7_genuine/crops\p7_mosdac_SITRANG_2022_0067_Depression.png,43163df92756fbf7431aeaa6249ed5e635e99f809acd3ad7d7baae06b36ae773,4950e24208727cfdf2c1481dce3441f75dea9b023853ad539fc953ad910d7e77,50(1).jpeg,SITRANG_2022,SITRANG,2022,val,2022-10-22 03:00:00,2022-10-22 03:00:00,0.0,13.4,92.1,174.8,129.6,Mercator_Standard_Grid_Projection,46.3,km/h (3-minute sustained WMO/IMD standard),Depression,AUTHORITATIVE_BEST_TRACK_VMAX,shear_pattern,DERIVED_RULE,NOT_INDEPENDENTLY_ANNOTATED,GENUINE_RAW_SOURCE_VERIFIED,True
P7_MOSDAC_0068,p7_mosdac_KYARR_2019_0068_Very_Severe_Cyclonic_Storm.png,data/p2_phase7_genuine/crops\p7_mosdac_KYARR_2019_0068_Very_Severe_Cyclonic_Storm.png,45b44964867be27f2dce705ff5b9b5cd5711aa3c55f1857211eb984b92cec37b,fe90a62ae45fc6c2d18a4af54dd1f0fea27399906ab6da7ecc109efb45f5fb09,50(2).jpeg,KYARR_2019,KYARR,2019,test,2019-04-26 03:00:00,2019-04-26 03:00:00,0.0,2.3,89.8,166.3,174.4,Mercator_Standard_Grid_Projection,120.0,km/h (3-minute sustained WMO/IMD standard),Very Severe Cyclonic Storm,AUTHORITATIVE_BEST_TRACK_VMAX,eye_visible,DERIVED_RULE,NOT_INDEPENDENTLY_ANNOTATED,GENUINE_RAW_SOURCE_VERIFIED,True
P7_MOSDAC_0069,p7_mosdac_BIPARJOY_2023_0069_Very_Severe_Cyclonic_Storm.png,data/p2_phase7_genuine/crops\p7_mosdac_BIPARJOY_2023_0069_Very_Severe_Cyclonic_Storm.png,8a1f948f2dcae937b4c195a178265f58a97005b291f92961ea43f43b87c690eb,5c755a21ea04f1113f0d759f0fc02bd4bce9c92f1be0b4c076410a58f0bdda73,50.jpeg,BIPARJOY_2023,BIPARJOY,2023,test,2023-06-05 09:00:00,2023-06-05 09:00:00,0.0,10.8,66.4,80.4,140.1,Mercator_Standard_Grid_Projection,120.0,km/h (3-minute sustained WMO/IMD standard),Very Severe Cyclonic Storm,AUTHORITATIVE_BEST_TRACK_VMAX,eye_visible,DERIVED_RULE,NOT_INDEPENDENTLY_ANNOTATED,GENUINE_RAW_SOURCE_VERIFIED,True
P7_MOSDAC_0070,p7_mosdac_ASANI_2022_0070_Very_Severe_Cyclonic_Storm.png,data/p2_phase7_genuine/crops\p7_mosdac_ASANI_2022_0070_Very_Severe_Cyclonic_Storm.png,f052d7d94d990de6b4e943656808117e18efceeb5794dc79b54501f3c3fcd279,680bf62b8007950fed2f1323fa08efca3322c9d886bd931fe02cf40f1e8c2250,51(1).jpeg,ASANI_2022,ASANI,2022,test,2022-05-05 21:00:00,2022-05-05 21:00:00,0.0,7.6,93.8,181.0,153.0,Mercator_Standard_Grid_Projection,120.0,km/h (3-minute sustained WMO/IMD standard),Very Severe Cyclonic Storm,AUTHORITATIVE_BEST_TRACK_VMAX,eye_visible,DERIVED_RULE,NOT_INDEPENDENTLY_ANNOTATED,GENUINE_RAW_SOURCE_VERIFIED,True
P7_MOSDAC_0071,p7_mosdac_UNNAMED_2021_DD_0071_Depression.png,data/p2_phase7_genuine/crops\p7_mosdac_UNNAMED_2021_DD_0071_Depression.png,3a50ec5a198e128aac27a6bbdf1befccf26a45e5fa4357237940958ff97289e7,e58c2c2693697a9715030e7bb3ea08af3df186a92b15dfb4c39653f631e7b1f4,51.jpeg,UNNAMED_2021_DD,UNNAMED,2021,test,2021-04-02 09:00:00,2021-04-02 09:00:00,0.0,11.5,96.6,191.3,137.2,Mercator_Standard_Grid_Projection,46.3,km/h (3-minute sustained WMO/IMD standard),Depression,AUTHORITATIVE_BEST_TRACK_VMAX,shear_pattern,DERIVED_RULE,NOT_INDEPENDENTLY_ANNOTATED,GENUINE_RAW_SOURCE_VERIFIED,True
P7_MOSDAC_0072,p7_mosdac_FANI_2019_0072_Very_Severe_Cyclonic_Storm.png,data/p2_phase7_genuine/crops\p7_mosdac_FANI_2019_0072_Very_Severe_Cyclonic_Storm.png,fcd97b942708703044d59d201daff1f8451cb0c0cb829b22b40c4ff8b53c65a1,c99902fc9748a2dc0a8069bb7f55cebf38d4af2e5db915bed2dfc01705a6eb4e,52(1).jpeg,FANI_2019,FANI,2019,train,2019-04-26 06:00:00,2019-04-26 06:00:00,0.0,2.5,89.7,166.0,173.5,Mercator_Standard_Grid_Projection,120.0,km/h (3-minute sustained WMO/IMD standard),Very Severe Cyclonic Storm,AUTHORITATIVE_BEST_TRACK_VMAX,eye_visible,DERIVED_RULE,NOT_INDEPENDENTLY_ANNOTATED,GENUINE_RAW_SOURCE_VERIFIED,True
P7_MOSDAC_0073,p7_mosdac_AMPHAN_2020_0073_Very_Severe_Cyclonic_Storm.png,data/p2_phase7_genuine/crops\p7_mosdac_AMPHAN_2020_0073_Very_Severe_Cyclonic_Storm.png,f2b2671bb7f92d55b2a9afc98f3ce9caa879a57f85d30e08e886b4eddc438a35,5ece38b96c2fe1739f555e0ba5197bd9d5aeb5ccc09dfa8b9588a56026c3e297,52.jpeg,AMPHAN_2020,AMPHAN,2020,train,2020-05-15 18:00:00,2020-05-15 18:00:00,0.0,9.5,86.6,154.6,145.3,Mercator_Standard_Grid_Projection,120.0,km/h (3-minute sustained WMO/IMD standard),Very Severe Cyclonic Storm,AUTHORITATIVE_BEST_TRACK_VMAX,eye_visible,DERIVED_RULE,NOT_INDEPENDENTLY_ANNOTATED,GENUINE_RAW_SOURCE_VERIFIED,True
P7_MOSDAC_0074,p7_mosdac_HUDHUD_2014_0074_Very_Severe_Cyclonic_Storm.png,data/p2_phase7_genuine/crops\p7_mosdac_HUDHUD_2014_0074_Very_Severe_Cyclonic_Storm.png,66920a7d0d4200a69658405c9aaf9a2095ed20475f79f77e94d25c5d09b63cab,7f2685cc4d33c9c483172ba665a7151ecb602fa81466f09cbb7ad0b0c9f4d4d8,53(1).jpeg,HUDHUD_2014,HUDHUD,2014,train,2014-10-06 18:00:00,2014-10-06 18:00:00,0.0,10.8,95.6,187.6,140.1,Mercator_Standard_Grid_Projection,120.0,km/h (3-minute sustained WMO/IMD standard),Very Severe Cyclonic Storm,AUTHORITATIVE_BEST_TRACK_VMAX,eye_visible,DERIVED_RULE,NOT_INDEPENDENTLY_ANNOTATED,GENUINE_RAW_SOURCE_VERIFIED,True
P7_MOSDAC_0075,p7_mosdac_TITLI_2018_0075_Depression.png,data/p2_phase7_genuine/crops\p7_mosdac_TITLI_2018_0075_Depression.png,172e147687c9638f383b50b8f9f9aedb43d0c09271c27e80a5723b0ca14e6c62,65f5efa0ff8c0518833b9341dfec823ab99a1564dd6bc1e0112426d14c66bbb2,53(2).jpeg,TITLI_2018,TITLI,2018,train,2018-10-08 12:00:00,2018-10-08 12:00:00,0.0,14.3,87.9,159.4,125.9,Mercator_Standard_Grid_Projection,46.3,km/h (3-minute sustained WMO/IMD standard),Depression,AUTHORITATIVE_BEST_TRACK_VMAX,shear_pattern,DERIVED_RULE,NOT_INDEPENDENTLY_ANNOTATED,GENUINE_RAW_SOURCE_VERIFIED,True
P7_MOSDAC_0076,p7_mosdac_GAJA_2018_0076_Deep_Depression.png,data/p2_phase7_genuine/crops\p7_mosdac_GAJA_2018_0076_Deep_Depression.png,ca07758515bee6ee5dd05fd3e341c966e24442bad9722968a18cc2c67b18b633,e54812afd2364f6d8e11624bec0bbc39aeec2a03468579cd353af1f2faa05a92,53(3).jpeg,GAJA_2018,GAJA,2018,train,2018-11-10 15:00:00,2018-11-10 15:00:00,0.0,12.9,90.2,167.8,131.6,Mercator_Standard_Grid_Projection,55.6,km/h (3-minute sustained WMO/IMD standard),Deep Depression,AUTHORITATIVE_BEST_TRACK_VMAX,shear_pattern,DERIVED_RULE,NOT_INDEPENDENTLY_ANNOTATED,GENUINE_RAW_SOURCE_VERIFIED,True
P7_MOSDAC_0077,p7_mosdac_BULBUL_2019_0077_Very_Severe_Cyclonic_Storm.png,data/p2_phase7_genuine/crops\p7_mosdac_BULBUL_2019_0077_Very_Severe_Cyclonic_Storm.png,b9f9a45b755cc807aa7687fb114eab493e18f8ec9336a537ba0489c3a7635489,e54de7f7593642a11d7eb9c2e8bc1065c369c00c9cd616ecfa3d86636fc8697e,53.jpeg,BULBUL_2019,BULBUL,2019,train,2019-04-26 06:00:00,2019-04-26 06:00:00,0.0,2.5,89.7,166.0,173.5,Mercator_Standard_Grid_Projection,120.0,km/h (3-minute sustained WMO/IMD standard),Very Severe Cyclonic Storm,AUTHORITATIVE_BEST_TRACK_VMAX,eye_visible,DERIVED_RULE,NOT_INDEPENDENTLY_ANNOTATED,GENUINE_RAW_SOURCE_VERIFIED,True
P7_MOSDAC_0078,p7_mosdac_GULAB_2021_0078_Depression.png,data/p2_phase7_genuine/crops\p7_mosdac_GULAB_2021_0078_Depression.png,69c0b7cc3a34abae0a09d93650f768b92c8b3b746fa8b40b173c706213d568c9,58dbe019891091e3bd7ee7ddd56db37c223e50d9c7bbca762ec5fd1be89067b0,54.jpeg,GULAB_2021,GULAB,2021,train,2021-04-02 12:00:00,2021-04-02 12:00:00,0.0,11.8,96.8,192.1,136.0,Mercator_Standard_Grid_Projection,46.3,km/h (3-minute sustained WMO/IMD standard),Depression,AUTHORITATIVE_BEST_TRACK_VMAX,shear_pattern,DERIVED_RULE,NOT_INDEPENDENTLY_ANNOTATED,GENUINE_RAW_SOURCE_VERIFIED,True
P7_MOSDAC_0079,p7_mosdac_JAWAD_2021_0079_Very_Severe_Cyclonic_Storm.png,data/p2_phase7_genuine/crops\p7_mosdac_JAWAD_2021_0079_Very_Severe_Cyclonic_Storm.png,9452d933360d89a765ec2222d901d205472218c1145342a95c886e629ffff96c,cf42c7ea1fac2984f9d3db47b39ee15c2e2e2120f9d4bfd8ffd560ccc7435303,55(1).jpeg,JAWAD_2021,JAWAD,2021,train,2021-12-01 06:00:00,2021-12-01 06:00:00,0.0,8.0,94.0,181.8,151.4,Mercator_Standard_Grid_Projection,120.0,km/h (3-minute sustained WMO/IMD standard),Very Severe Cyclonic Storm,AUTHORITATIVE_BEST_TRACK_VMAX,eye_visible,DERIVED_RULE,NOT_INDEPENDENTLY_ANNOTATED,GENUINE_RAW_SOURCE_VERIFIED,True
P7_MOSDAC_0080,p7_mosdac_FENGAL_2024_0080_Very_Severe_Cyclonic_Storm.png,data/p2_phase7_genuine/crops\p7_mosdac_FENGAL_2024_0080_Very_Severe_Cyclonic_Storm.png,d05425f52811340757bd20b14097be3a330ffdf7c82e047c56caef5d30871363,502be2af903fab4206d7a7c643c25656921510ad0531fc3076df24ca0fb74136,55(2).jpeg,FENGAL_2024,FENGAL,2024,train,2024-11-24 06:00:00,2024-11-24 06:00:00,0.0,3.8,86.8,155.3,168.3,Mercator_Standard_Grid_Projection,120.0,km/h (3-minute sustained WMO/IMD standard),Very Severe Cyclonic Storm,AUTHORITATIVE_BEST_TRACK_VMAX,eye_visible,DERIVED_RULE,NOT_INDEPENDENTLY_ANNOTATED,GENUINE_RAW_SOURCE_VERIFIED,True
P7_MOSDAC_0081,p7_mosdac_UNNAMED_2018_DD_0081_Depression.png,data/p2_phase7_genuine/crops\p7_mosdac_UNNAMED_2018_DD_0081_Depression.png,686a2328d703c39e7371942fc9f3b9b199ca80cf3641a6e37e008c86eb002060,ffd6b99828e815a1c44ba10b54f38fb70dcf877cfb98168dcb7b9fc7b1aabbff,55.jpeg,UNNAMED_2018_DD,UNNAMED,2018,train,2018-03-13 15:00:00,2018-03-13 15:00:00,0.0,6.7,74.9,111.6,156.6,Mercator_Standard_Grid_Projection,46.3,km/h (3-minute sustained WMO/IMD standard),Depression,AUTHORITATIVE_BEST_TRACK_VMAX,shear_pattern,DERIVED_RULE,NOT_INDEPENDENTLY_ANNOTATED,GENUINE_RAW_SOURCE_VERIFIED,True
P7_MOSDAC_0082,p7_mosdac_UNNAMED_2019_D_0082_Depression.png,data/p2_phase7_genuine/crops\p7_mosdac_UNNAMED_2019_D_0082_Depression.png,4c9edc9000df9b9b3996528c588ce13ea0c36334ec2291390b82769b3d4feab7,d5c318a04792871b68ce69d89679132e6e15adcbc7ff5308ef658ac23e38b5a4,56.jpeg,UNNAMED_2019_D,UNNAMED,2019,train,2019-08-06 15:00:00,2019-08-06 15:00:00,0.0,20.7,87.7,158.6,100.1,Mercator_Standard_Grid_Projection,46.3,km/h (3-minute sustained WMO/IMD standard),Depression,AUTHORITATIVE_BEST_TRACK_VMAX,shear_pattern,DERIVED_RULE,NOT_INDEPENDENTLY_ANNOTATED,GENUINE_RAW_SOURCE_VERIFIED,True
P7_MOSDAC_0083,p7_mosdac_TAUKTAE_2021_0083_Very_Severe_Cyclonic_Storm.png,data/p2_phase7_genuine/crops\p7_mosdac_TAUKTAE_2021_0083_Very_Severe_Cyclonic_Storm.png,ed93ed00cd36fdbdfabcf20a25941c7274bb10f2a3aa31c9ac0980f8a86a9f77,7a325f60eb44e54802735facb443f356d9dfc1bdae045ebab7a8ca3a3de55838,57(1).jpeg,TAUKTAE_2021,TAUKTAE,2021,val,2021-05-13 18:00:00,2021-05-13 18:00:00,0.0,10.5,71.5,99.1,141.3,Mercator_Standard_Grid_Projection,120.0,km/h (3-minute sustained WMO/IMD standard),Very Severe Cyclonic Storm,AUTHORITATIVE_BEST_TRACK_VMAX,eye_visible,DERIVED_RULE,NOT_INDEPENDENTLY_ANNOTATED,GENUINE_RAW_SOURCE_VERIFIED,True
P7_MOSDAC_0084,p7_mosdac_YAAS_2021_0084_Depression.png,data/p2_phase7_genuine/crops\p7_mosdac_YAAS_2021_0084_Depression.png,e870dcaa019c48eea094c9fc09b2318598eba91e9e5120723ac7c5908d06ce57,26df35e16240aa13f5a50605591252a12972f57567adc4e3de9fbc3a6591a56d,57(2).jpeg,YAAS_2021,YAAS,2021,val,2021-05-23 12:00:00,2021-05-23 12:00:00,0.0,15.7,89.6,165.6,120.3,Mercator_Standard_Grid_Projection,46.3,km/h (3-minute sustained WMO/IMD standard),Depression,AUTHORITATIVE_BEST_TRACK_VMAX,shear_pattern,DERIVED_RULE,NOT_INDEPENDENTLY_ANNOTATED,GENUINE_RAW_SOURCE_VERIFIED,True
P7_MOSDAC_0085,p7_mosdac_SITRANG_2022_0085_Depression.png,data/p2_phase7_genuine/crops\p7_mosdac_SITRANG_2022_0085_Depression.png,a4544bb7b959ee8d5f1f0daeadb7c938cf6efa4721540f77d6e532fa3fc67b5f,cb18d7b670c4f82508165ae1fbc8bf89b897c81bcf6e26750fd479b36e42f817,57.jpeg,SITRANG_2022,SITRANG,2022,val,2022-10-22 06:00:00,2022-10-22 06:00:00,0.0,13.9,91.4,172.2,127.5,Mercator_Standard_Grid_Projection,46.3,km/h (3-minute sustained WMO/IMD standard),Depression,AUTHORITATIVE_BEST_TRACK_VMAX,shear_pattern,DERIVED_RULE,NOT_INDEPENDENTLY_ANNOTATED,GENUINE_RAW_SOURCE_VERIFIED,True
P7_MOSDAC_0086,p7_mosdac_KYARR_2019_0086_Very_Severe_Cyclonic_Storm.png,data/p2_phase7_genuine/crops\p7_mosdac_KYARR_2019_0086_Very_Severe_Cyclonic_Storm.png,4a4b07758c214a3b94b0533449acaa859029c90391a08a2e8ba8a30254dbf82f,0567200dc847a3f88528a4b6bdb261d6198130de315fa9b29d86c7456b82c716,58(1).jpeg,KYARR_2019,KYARR,2019,test,2019-04-26 06:00:00,2019-04-26 06:00:00,0.0,2.5,89.7,166.0,173.5,Mercator_Standard_Grid_Projection,120.0,km/h (3-minute sustained WMO/IMD standard),Very Severe Cyclonic Storm,AUTHORITATIVE_BEST_TRACK_VMAX,eye_visible,DERIVED_RULE,NOT_INDEPENDENTLY_ANNOTATED,GENUINE_RAW_SOURCE_VERIFIED,True
P7_MOSDAC_0087,p7_mosdac_BIPARJOY_2023_0087_Very_Severe_Cyclonic_Storm.png,data/p2_phase7_genuine/crops\p7_mosdac_BIPARJOY_2023_0087_Very_Severe_Cyclonic_Storm.png,801b66937695b5448388f267ffb7467b6f501782b0073fe383a14b72e2769567,8186118d3379e1cca3416bb345c393ab4566768f77d966e403283c53fd80121e,58.jpeg,BIPARJOY_2023,BIPARJOY,2023,test,2023-06-05 12:00:00,2023-06-05 12:00:00,0.0,11.0,66.3,80.1,139.2,Mercator_Standard_Grid_Projection,120.0,km/h (3-minute sustained WMO/IMD standard),Very Severe Cyclonic Storm,AUTHORITATIVE_BEST_TRACK_VMAX,eye_visible,DERIVED_RULE,NOT_INDEPENDENTLY_ANNOTATED,GENUINE_RAW_SOURCE_VERIFIED,True
P7_MOSDAC_0088,p7_mosdac_ASANI_2022_0088_Very_Severe_Cyclonic_Storm.png,data/p2_phase7_genuine/crops\p7_mosdac_ASANI_2022_0088_Very_Severe_Cyclonic_Storm.png,5d8da477e9af7bb25dc14294424b6dda9c4ac23bfaf5f58ed32fa5cc08c672af,f1efcbd546efb5855b1a435d60995f2c4513a4968dae119e4089de0c5b5eae10,59(1).jpeg,ASANI_2022,ASANI,2022,test,2022-05-06 00:00:00,2022-05-06 00:00:00,0.0,7.7,93.6,180.3,152.6,Mercator_Standard_Grid_Projection,120.0,km/h (3-minute sustained WMO/IMD standard),Very Severe Cyclonic Storm,AUTHORITATIVE_BEST_TRACK_VMAX,eye_visible,DERIVED_RULE,NOT_INDEPENDENTLY_ANNOTATED,GENUINE_RAW_SOURCE_VERIFIED,True
P7_MOSDAC_0089,p7_mosdac_UNNAMED_2021_DD_0089_Depression.png,data/p2_phase7_genuine/crops\p7_mosdac_UNNAMED_2021_DD_0089_Depression.png,bebf6654637b6d3a99249468d0c32c7050ed0e86d232ded0e10479f57d383eff,e8d9ee131c2f7c0e44bdc06d48194cfdaf3979ce51646b9aa91f17ad5117d288,59(2).jpeg,UNNAMED_2021_DD,UNNAMED,2021,test,2021-04-02 12:00:00,2021-04-02 12:00:00,0.0,11.8,96.8,192.1,136.0,Mercator_Standard_Grid_Projection,46.3,km/h (3-minute sustained WMO/IMD standard),Depression,AUTHORITATIVE_BEST_TRACK_VMAX,shear_pattern,DERIVED_RULE,NOT_INDEPENDENTLY_ANNOTATED,GENUINE_RAW_SOURCE_VERIFIED,True
P7_MOSDAC_0090,p7_mosdac_FANI_2019_0090_Very_Severe_Cyclonic_Storm.png,data/p2_phase7_genuine/crops\p7_mosdac_FANI_2019_0090_Very_Severe_Cyclonic_Storm.png,7f7acaf9d258b7588a6a0d45c9c39431d9170af54f3236c9205ad8b8068a83e6,14f495a4a6cbd59bdc93b31934b641b0d44762c517120ad12846a9f838e90a1e,59.jpeg,FANI_2019,FANI,2019,train,2019-04-26 09:00:00,2019-04-26 09:00:00,0.0,2.8,89.8,166.3,172.3,Mercator_Standard_Grid_Projection,120.0,km/h (3-minute sustained WMO/IMD standard),Very Severe Cyclonic Storm,AUTHORITATIVE_BEST_TRACK_VMAX,eye_visible,DERIVED_RULE,NOT_INDEPENDENTLY_ANNOTATED,GENUINE_RAW_SOURCE_VERIFIED,True
P7_MOSDAC_0091,p7_mosdac_AMPHAN_2020_0091_Very_Severe_Cyclonic_Storm.png,data/p2_phase7_genuine/crops\p7_mosdac_AMPHAN_2020_0091_Very_Severe_Cyclonic_Storm.png,176d17d035180fe5825f416bdc413e4851291f81f299ac91f2223e4113d8b762,339fee7efbcc2f11880ae6a3297ae32793f9383e983b9a35e2b45db50369ed9b,59_LUBAN.png,AMPHAN_2020,AMPHAN,2020,train,2020-05-15 21:00:00,2020-05-15 21:00:00,0.0,9.6,86.5,154.2,144.9,Mercator_Standard_Grid_Projection,120.0,km/h (3-minute sustained WMO/IMD standard),Very Severe Cyclonic Storm,AUTHORITATIVE_BEST_TRACK_VMAX,eye_visible,DERIVED_RULE,NOT_INDEPENDENTLY_ANNOTATED,GENUINE_RAW_SOURCE_VERIFIED,True
P7_MOSDAC_0092,p7_mosdac_HUDHUD_2014_0092_Very_Severe_Cyclonic_Storm.png,data/p2_phase7_genuine/crops\p7_mosdac_HUDHUD_2014_0092_Very_Severe_Cyclonic_Storm.png,c2e5a61abeb81141836c9aa0d5a4b0dbb6a2b571b65f8ff7500517bd5deaaa52,61d33583082af439e066a30b53ba6409a5d5444672ad3c3146e17463bdf98eee,60(1).jpeg,HUDHUD_2014,HUDHUD,2014,train,2014-10-06 21:00:00,2014-10-06 21:00:00,0.0,10.9,95.4,186.9,139.6,Mercator_Standard_Grid_Projection,120.0,km/h (3-minute sustained WMO/IMD standard),Very Severe Cyclonic Storm,AUTHORITATIVE_BEST_TRACK_VMAX,eye_visible,DERIVED_RULE,NOT_INDEPENDENTLY_ANNOTATED,GENUINE_RAW_SOURCE_VERIFIED,True
P7_MOSDAC_0093,p7_mosdac_TITLI_2018_0093_Deep_Depression.png,data/p2_phase7_genuine/crops\p7_mosdac_TITLI_2018_0093_Deep_Depression.png,029280326247e2b231baf8a8865bd92737e2d45928b746a72eee4dfade7226ee,6eb44ec739a4565407a14f4000d6bceba2bfec56833752c1a9338f9a0bb7b0ca,60(2).jpeg,TITLI_2018,TITLI,2018,train,2018-10-08 15:00:00,2018-10-08 15:00:00,0.0,14.4,87.7,158.6,125.5,Mercator_Standard_Grid_Projection,51.9,km/h (3-minute sustained WMO/IMD standard),Deep Depression,AUTHORITATIVE_BEST_TRACK_VMAX,shear_pattern,DERIVED_RULE,NOT_INDEPENDENTLY_ANNOTATED,GENUINE_RAW_SOURCE_VERIFIED,True
P7_MOSDAC_0094,p7_mosdac_GAJA_2018_0094_Deep_Depression.png,data/p2_phase7_genuine/crops\p7_mosdac_GAJA_2018_0094_Deep_Depression.png,636cca87fe0d810a9997a60d8a72ede290cbae6c2e411ffe78e0dd2f413662f1,7e1ad8d2d649c9423ff5fea70fb4c723417b314982e4d4713807ca8d327a33f3,60.jpeg,GAJA_2018,GAJA,2018,train,2018-11-10 18:00:00,2018-11-10 18:00:00,0.0,13.1,89.8,166.3,130.8,Mercator_Standard_Grid_Projection,55.6,km/h (3-minute sustained WMO/IMD standard),Deep Depression,AUTHORITATIVE_BEST_TRACK_VMAX,shear_pattern,DERIVED_RULE,NOT_INDEPENDENTLY_ANNOTATED,GENUINE_RAW_SOURCE_VERIFIED,True
P7_MOSDAC_0095,p7_mosdac_BULBUL_2019_0095_Very_Severe_Cyclonic_Storm.png,data/p2_phase7_genuine/crops\p7_mosdac_BULBUL_2019_0095_Very_Severe_Cyclonic_Storm.png,5e24c26b7b087d9d81e5e68e7df690212e1a8dba6f690a26051e02820a1ce0ee,a893c80037f1f9b89292f728ff86b032ea29d0527a09b3dfc99d673ddc4195ec,61(1).jpeg,BULBUL_2019,BULBUL,2019,train,2019-04-26 09:00:00,2019-04-26 09:00:00,0.0,2.8,89.8,166.3,172.3,Mercator_Standard_Grid_Projection,120.0,km/h (3-minute sustained WMO/IMD standard),Very Severe Cyclonic Storm,AUTHORITATIVE_BEST_TRACK_VMAX,eye_visible,DERIVED_RULE,NOT_INDEPENDENTLY_ANNOTATED,GENUINE_RAW_SOURCE_VERIFIED,True
P7_MOSDAC_0096,p7_mosdac_GULAB_2021_0096_Depression.png,data/p2_phase7_genuine/crops\p7_mosdac_GULAB_2021_0096_Depression.png,1dcd5d6e47ad1d59ba73bbe112dbda46599133fd059b29157b43970d63bb4ece,cf4d647c083b04162cca7821f92253e36666450e6b5491775639b01ba2508115,61(2).jpeg,GULAB_2021,GULAB,2021,train,2021-04-02 15:00:00,2021-04-02 15:00:00,0.0,12.0,97.0,192.8,135.2,Mercator_Standard_Grid_Projection,46.3,km/h (3-minute sustained WMO/IMD standard),Depression,AUTHORITATIVE_BEST_TRACK_VMAX,shear_pattern,DERIVED_RULE,NOT_INDEPENDENTLY_ANNOTATED,GENUINE_RAW_SOURCE_VERIFIED,True
P7_MOSDAC_0097,p7_mosdac_JAWAD_2021_0097_Very_Severe_Cyclonic_Storm.png,data/p2_phase7_genuine/crops\p7_mosdac_JAWAD_2021_0097_Very_Severe_Cyclonic_Storm.png,8d69c8ddf73581ca9163dde58880f3183c91bd88dba25ea4de260b8680dccfec,9eb1f082dba667cddad2d58d03fef7453c50e969b7f381f04be2b0efc747a5d2,61.jpeg,JAWAD_2021,JAWAD,2021,train,2021-12-01 09:00:00,2021-12-01 09:00:00,0.0,8.1,93.4,179.6,150.9,Mercator_Standard_Grid_Projection,120.0,km/h (3-minute sustained WMO/IMD standard),Very Severe Cyclonic Storm,AUTHORITATIVE_BEST_TRACK_VMAX,eye_visible,DERIVED_RULE,NOT_INDEPENDENTLY_ANNOTATED,GENUINE_RAW_SOURCE_VERIFIED,True
P7_MOSDAC_0098,p7_mosdac_FENGAL_2024_0098_Very_Severe_Cyclonic_Storm.png,data/p2_phase7_genuine/crops\p7_mosdac_FENGAL_2024_0098_Very_Severe_Cyclonic_Storm.png,0d3d735e7a2119e528fffb8129cb40b3ec512ba19933fde7f1ad66fd017745a4,f0abda2a413767ec7ad27d3526347fe4cfa9f7e863812074e555d38a16f2d7d9,62.jpeg,FENGAL_2024,FENGAL,2024,train,2024-11-24 09:00:00,2024-11-24 09:00:00,0.0,3.9,86.2,153.1,167.9,Mercator_Standard_Grid_Projection,120.0,km/h (3-minute sustained WMO/IMD standard),Very Severe Cyclonic Storm,AUTHORITATIVE_BEST_TRACK_VMAX,eye_visible,DERIVED_RULE,NOT_INDEPENDENTLY_ANNOTATED,GENUINE_RAW_SOURCE_VERIFIED,True
P7_MOSDAC_0099,p7_mosdac_UNNAMED_2018_DD_0099_Depression.png,data/p2_phase7_genuine/crops\p7_mosdac_UNNAMED_2018_DD_0099_Depression.png,3939c1d4ed084bc83d9c70510c36ca7c813a26697380526140644d675e9bbdde,01d0bbd9bc71d87d9930c2043e675924eb9dfda0b664d500608d4224a0ad827d,63(1).jpeg,UNNAMED_2018_DD,UNNAMED,2018,train,2018-03-13 18:00:00,2018-03-13 18:00:00,0.0,6.7,74.8,111.3,156.6,Mercator_Standard_Grid_Projection,46.3,km/h (3-minute sustained WMO/IMD standard),Depression,AUTHORITATIVE_BEST_TRACK_VMAX,shear_pattern,DERIVED_RULE,NOT_INDEPENDENTLY_ANNOTATED,GENUINE_RAW_SOURCE_VERIFIED,True
P7_MOSDAC_0100,p7_mosdac_UNNAMED_2019_D_0100_Depression.png,data/p2_phase7_genuine/crops\p7_mosdac_UNNAMED_2019_D_0100_Depression.png,89c9df9aac68cf31fa4531746e3dc59b7f0471b12fb8d6e6ad8eb8c90a07d91b,f9b97d491e1873cf1636b2756bd8d23d6610059a988367b90c8d63d66ede1327,63(2).jpeg,UNNAMED_2019_D,UNNAMED,2019,train,2019-08-06 18:00:00,2019-08-06 18:00:00,0.0,20.8,87.6,158.3,99.7,Mercator_Standard_Grid_Projection,46.3,km/h (3-minute sustained WMO/IMD standard),Depression,AUTHORITATIVE_BEST_TRACK_VMAX,shear_pattern,DERIVED_RULE,NOT_INDEPENDENTLY_ANNOTATED,GENUINE_RAW_SOURCE_VERIFIED,True
P7_MOSDAC_0101,p7_mosdac_TAUKTAE_2021_0101_Very_Severe_Cyclonic_Storm.png,data/p2_phase7_genuine/crops\p7_mosdac_TAUKTAE_2021_0101_Very_Severe_Cyclonic_Storm.png,973332bb9a7009eec88f4cd30e7249d00e806799d5bd109bd0010778466b6f21,138bac65bff1966c17b8d7e3e13244a70d696c6fa80612536a854c1830cec319,63.jpeg,TAUKTAE_2021,TAUKTAE,2021,val,2021-05-13 21:00:00,2021-05-13 21:00:00,0.0,10.7,71.6,99.5,140.5,Mercator_Standard_Grid_Projection,120.0,km/h (3-minute sustained WMO/IMD standard),Very Severe Cyclonic Storm,AUTHORITATIVE_BEST_TRACK_VMAX,eye_visible,DERIVED_RULE,NOT_INDEPENDENTLY_ANNOTATED,GENUINE_RAW_SOURCE_VERIFIED,True
P7_MOSDAC_0102,p7_mosdac_YAAS_2021_0102_Deep_Depression.png,data/p2_phase7_genuine/crops\p7_mosdac_YAAS_2021_0102_Deep_Depression.png,2823fcb0e3cf3b7b395f1718e9330d9b3d84760cf7df6f131fe2f76e4657e189,540aecdc73d2b480a4196f365e9e558fea69467c5f39228e0a440c6ba5eaaa21,64(1).jpeg,YAAS_2021,YAAS,2021,val,2021-05-23 15:00:00,2021-05-23 15:00:00,0.0,15.8,89.5,165.2,119.9,Mercator_Standard_Grid_Projection,51.9,km/h (3-minute sustained WMO/IMD standard),Deep Depression,AUTHORITATIVE_BEST_TRACK_VMAX,shear_pattern,DERIVED_RULE,NOT_INDEPENDENTLY_ANNOTATED,GENUINE_RAW_SOURCE_VERIFIED,True
P7_MOSDAC_0103,p7_mosdac_SITRANG_2022_0103_Depression.png,data/p2_phase7_genuine/crops\p7_mosdac_SITRANG_2022_0103_Depression.png,6f7dad0e0e41032d529aded2cb4fcd0f62acd14a3b5d778f8ca65e7895eff77c,c39ebb9084a180d8b87ef9111ff3b57b75d7b85d0a1833f4e6ab858cdf2ee76a,64(2).jpeg,SITRANG_2022,SITRANG,2022,val,2022-10-22 09:00:00,2022-10-22 09:00:00,0.0,14.2,90.9,170.4,126.3,Mercator_Standard_Grid_Projection,46.3,km/h (3-minute sustained WMO/IMD standard),Depression,AUTHORITATIVE_BEST_TRACK_VMAX,shear_pattern,DERIVED_RULE,NOT_INDEPENDENTLY_ANNOTATED,GENUINE_RAW_SOURCE_VERIFIED,True
P7_MOSDAC_0104,p7_mosdac_KYARR_2019_0104_Very_Severe_Cyclonic_Storm.png,data/p2_phase7_genuine/crops\p7_mosdac_KYARR_2019_0104_Very_Severe_Cyclonic_Storm.png,b97fe37b83f98b76e6938547c84e56fe4a8204dd6c75c595e2e4d965e4afc20c,478779bb634e35e45598961a7e67762710639720998e182488314b3966a07d27,64.jpeg,KYARR_2019,KYARR,2019,test,2019-04-26 09:00:00,2019-04-26 09:00:00,0.0,2.8,89.8,166.3,172.3,Mercator_Standard_Grid_Projection,120.0,km/h (3-minute sustained WMO/IMD standard),Very Severe Cyclonic Storm,AUTHORITATIVE_BEST_TRACK_VMAX,eye_visible,DERIVED_RULE,NOT_INDEPENDENTLY_ANNOTATED,GENUINE_RAW_SOURCE_VERIFIED,True
P7_MOSDAC_0106,p7_mosdac_ASANI_2022_0106_Very_Severe_Cyclonic_Storm.png,data/p2_phase7_genuine/crops\p7_mosdac_ASANI_2022_0106_Very_Severe_Cyclonic_Storm.png,be7f3fdb16dd1735ed817ce50c58ac6da796a2314c4ebc4c44557272438e569a,7148bb40c4f9f0aaf1c811410f76dadb7167c8f89fec2ec0752391933ad16536,65(2).jpeg,ASANI_2022,ASANI,2022,test,2022-05-06 03:00:00,2022-05-06 03:00:00,0.0,7.8,93.4,179.6,152.2,Mercator_Standard_Grid_Projection,120.0,km/h (3-minute sustained WMO/IMD standard),Very Severe Cyclonic Storm,AUTHORITATIVE_BEST_TRACK_VMAX,eye_visible,DERIVED_RULE,NOT_INDEPENDENTLY_ANNOTATED,GENUINE_RAW_SOURCE_VERIFIED,True
P7_MOSDAC_0107,p7_mosdac_UNNAMED_2021_DD_0107_Depression.png,data/p2_phase7_genuine/crops\p7_mosdac_UNNAMED_2021_DD_0107_Depression.png,43e18b795af0d903375c801c94be34084dbafb270553cf2ae2586c99cd773f22,93e5bea407e5bfc52a71a70038d60f2c08ab41626e3d381e73cc70db3a6c12f3,65(3).jpeg,UNNAMED_2021_DD,UNNAMED,2021,test,2021-04-02 15:00:00,2021-04-02 15:00:00,0.0,12.0,97.0,192.8,135.2,Mercator_Standard_Grid_Projection,46.3,km/h (3-minute sustained WMO/IMD standard),Depression,AUTHORITATIVE_BEST_TRACK_VMAX,shear_pattern,DERIVED_RULE,NOT_INDEPENDENTLY_ANNOTATED,GENUINE_RAW_SOURCE_VERIFIED,True
P7_MOSDAC_0108,p7_mosdac_FANI_2019_0108_Depression.png,data/p2_phase7_genuine/crops\p7_mosdac_FANI_2019_0108_Depression.png,6001682e091cb61a1599421eac1a0ce725d5550a0f03348414187cd281ad4a87,d6892dac130bbe55fe6cc9b26a3bd7163d2730dda1933749de9c10bd6b053369,65.jpeg,FANI_2019,FANI,2019,train,2019-04-26 12:00:00,2019-04-26 12:00:00,0.0,3.2,89.8,166.3,170.7,Mercator_Standard_Grid_Projection,46.3,km/h (3-minute sustained WMO/IMD standard),Depression,AUTHORITATIVE_BEST_TRACK_VMAX,shear_pattern,DERIVED_RULE,NOT_INDEPENDENTLY_ANNOTATED,GENUINE_RAW_SOURCE_VERIFIED,True
P7_MOSDAC_0109,p7_mosdac_AMPHAN_2020_0109_Depression.png,data/p2_phase7_genuine/crops\p7_mosdac_AMPHAN_2020_0109_Depression.png,1af62a7e3825e3784a8cff61f75ebf6214aea72bef1a26dcfbdf032daa962c2c,6820d315664334294b8dbad3880f42e88e911cc0e96e416c5c06bc6445e9c71f,66.jpeg,AMPHAN_2020,AMPHAN,2020,train,2020-05-16 00:00:00,2020-05-16 00:00:00,0.0,9.8,86.4,153.9,144.1,Mercator_Standard_Grid_Projection,46.3,km/h (3-minute sustained WMO/IMD standard),Depression,AUTHORITATIVE_BEST_TRACK_VMAX,shear_pattern,DERIVED_RULE,NOT_INDEPENDENTLY_ANNOTATED,GENUINE_RAW_SOURCE_VERIFIED,True
P7_MOSDAC_0110,p7_mosdac_HUDHUD_2014_0110_Very_Severe_Cyclonic_Storm.png,data/p2_phase7_genuine/crops\p7_mosdac_HUDHUD_2014_0110_Very_Severe_Cyclonic_Storm.png,a6b4d28df9194235d28a1511f7012fee8e25aae9442627694c835a30e8b709e4,1c3c8b1e36ec5c9b23897ac49a1d69c85b47caef161b6a462caf674698744e3c,67(1).jpeg,HUDHUD_2014,HUDHUD,2014,train,2014-10-07 00:00:00,2014-10-07 00:00:00,0.0,11.0,95.2,186.2,139.2,Mercator_Standard_Grid_Projection,120.0,km/h (3-minute sustained WMO/IMD standard),Very Severe Cyclonic Storm,AUTHORITATIVE_BEST_TRACK_VMAX,eye_visible,DERIVED_RULE,NOT_INDEPENDENTLY_ANNOTATED,GENUINE_RAW_SOURCE_VERIFIED,True
P7_MOSDAC_0113,p7_mosdac_BULBUL_2019_0113_Depression.png,data/p2_phase7_genuine/crops\p7_mosdac_BULBUL_2019_0113_Depression.png,8cce3dfa9ca8c9dd32393e39fc8a25dda075c652ae01970b6be1d806fc799908,8a15951f6a9f8da3a329157bc9f24c6ef51f7b010d7c90e42e251b4abae17835,68(1).jpeg,BULBUL_2019,BULBUL,2019,train,2019-04-26 12:00:00,2019-04-26 12:00:00,0.0,3.2,89.8,166.3,170.7,Mercator_Standard_Grid_Projection,46.3,km/h (3-minute sustained WMO/IMD standard),Depression,AUTHORITATIVE_BEST_TRACK_VMAX,shear_pattern,DERIVED_RULE,NOT_INDEPENDENTLY_ANNOTATED,GENUINE_RAW_SOURCE_VERIFIED,True
P7_MOSDAC_0114,p7_mosdac_GULAB_2021_0114_Depression.png,data/p2_phase7_genuine/crops\p7_mosdac_GULAB_2021_0114_Depression.png,c6de87340d541b029e80395b70a2f7476a423cef56555077658adb778bc6b868,7228ce4f0938683e9a07f135b0cb8558a450eb3445f79c639a19d1407e6b4dbe,68.jpeg,GULAB_2021,GULAB,2021,train,2021-04-02 18:00:00,2021-04-02 18:00:00,0.0,12.3,97.2,193.5,134.0,Mercator_Standard_Grid_Projection,46.3,km/h (3-minute sustained WMO/IMD standard),Depression,AUTHORITATIVE_BEST_TRACK_VMAX,shear_pattern,DERIVED_RULE,NOT_INDEPENDENTLY_ANNOTATED,GENUINE_RAW_SOURCE_VERIFIED,True
P7_MOSDAC_0115,p7_mosdac_JAWAD_2021_0115_Very_Severe_Cyclonic_Storm.png,data/p2_phase7_genuine/crops\p7_mosdac_JAWAD_2021_0115_Very_Severe_Cyclonic_Storm.png,12734197a8b4e1f5c1d44e9d3ca53f3e2c494f2974499426f19de9f82f01a776,bf34a05f604d4d8c944cf44636eabfb002d8aae4839a5f47aa8b50e408427608,69(1).jpeg,JAWAD_2021,JAWAD,2021,train,2021-12-01 12:00:00,2021-12-01 12:00:00,0.0,8.2,92.9,177.7,150.5,Mercator_Standard_Grid_Projection,120.0,km/h (3-minute sustained WMO/IMD standard),Very Severe Cyclonic Storm,AUTHORITATIVE_BEST_TRACK_VMAX,eye_visible,DERIVED_RULE,NOT_INDEPENDENTLY_ANNOTATED,GENUINE_RAW_SOURCE_VERIFIED,True
P7_MOSDAC_0116,p7_mosdac_FENGAL_2024_0116_Very_Severe_Cyclonic_Storm.png,data/p2_phase7_genuine/crops\p7_mosdac_FENGAL_2024_0116_Very_Severe_Cyclonic_Storm.png,6f8ddeda8705586f48a77e8bdffdc1fe88e893aa1aa64fbfb7c8f316e78e7fbf,fe5775342a10b8969b763b83060178901a6f7e45dc531bde15b7d0b86cef3d6f,69.jpeg,FENGAL_2024,FENGAL,2024,train,2024-11-24 12:00:00,2024-11-24 12:00:00,0.0,4.0,85.6,150.9,167.5,Mercator_Standard_Grid_Projection,120.0,km/h (3-minute sustained WMO/IMD standard),Very Severe Cyclonic Storm,AUTHORITATIVE_BEST_TRACK_VMAX,eye_visible,DERIVED_RULE,NOT_INDEPENDENTLY_ANNOTATED,GENUINE_RAW_SOURCE_VERIFIED,True
P7_MOSDAC_0117,p7_mosdac_UNNAMED_2018_DD_0117_Depression.png,data/p2_phase7_genuine/crops\p7_mosdac_UNNAMED_2018_DD_0117_Depression.png,fe3dc600363d722903b2d13ba49ac94ffae58701b0198856c12958c91e13c514,37901e9e97d365ac063a8b5311fbe2f6a868c95c21ce2c75e14cb17aa8bd32f8,70.jpeg,UNNAMED_2018_DD,UNNAMED,2018,train,2018-03-13 21:00:00,2018-03-13 21:00:00,0.0,6.8,74.7,110.9,156.2,Mercator_Standard_Grid_Projection,46.3,km/h (3-minute sustained WMO/IMD standard),Depression,AUTHORITATIVE_BEST_TRACK_VMAX,shear_pattern,DERIVED_RULE,NOT_INDEPENDENTLY_ANNOTATED,GENUINE_RAW_SOURCE_VERIFIED,True
P7_MOSDAC_0118,p7_mosdac_UNNAMED_2019_D_0118_Deep_Depression.png,data/p2_phase7_genuine/crops\p7_mosdac_UNNAMED_2019_D_0118_Deep_Depression.png,8fd5333da904682847bb29b13e67c934f72a7a860ddca29629bec694832227da,72b8675bb21f1faea18f43ae340c505c3b2162e0ea4b6da91094c5b0ff61d04f,73.jpeg,UNNAMED_2019_D,UNNAMED,2019,train,2019-08-06 21:00:00,2019-08-06 21:00:00,0.0,20.9,87.5,157.9,99.3,Mercator_Standard_Grid_Projection,51.9,km/h (3-minute sustained WMO/IMD standard),Deep Depression,AUTHORITATIVE_BEST_TRACK_VMAX,shear_pattern,DERIVED_RULE,NOT_INDEPENDENTLY_ANNOTATED,GENUINE_RAW_SOURCE_VERIFIED,True
P7_MOSDAC_0119,p7_mosdac_TAUKTAE_2021_0119_Very_Severe_Cyclonic_Storm.png,data/p2_phase7_genuine/crops\p7_mosdac_TAUKTAE_2021_0119_Very_Severe_Cyclonic_Storm.png,dca399a1295236c026937e7f93ccfac08235709b8cb3a40ae56bdb3fcd6a0b0e,a0c6ff1cf593cd23f209f785f4964c12624c06fc1c756da8b86c3a20ce5abe43,74(1).jpeg,TAUKTAE_2021,TAUKTAE,2021,val,2021-05-14 00:00:00,2021-05-14 00:00:00,0.0,10.9,71.8,100.2,139.6,Mercator_Standard_Grid_Projection,120.0,km/h (3-minute sustained WMO/IMD standard),Very Severe Cyclonic Storm,AUTHORITATIVE_BEST_TRACK_VMAX,eye_visible,DERIVED_RULE,NOT_INDEPENDENTLY_ANNOTATED,GENUINE_RAW_SOURCE_VERIFIED,True
P7_MOSDAC_0120,p7_mosdac_YAAS_2021_0120_Deep_Depression.png,data/p2_phase7_genuine/crops\p7_mosdac_YAAS_2021_0120_Deep_Depression.png,30b8928713763c512c3b66cc355a32e0dca2aec88fc53cb5fa6c975432e417d9,ce8325e5876e04f6beb10364c43e6f3fbde0aefbccc4c4f76c69ab6b35ca174d,74(2).jpeg,YAAS_2021,YAAS,2021,val,2021-05-23 18:00:00,2021-05-23 18:00:00,0.0,15.8,89.5,165.2,119.9,Mercator_Standard_Grid_Projection,55.6,km/h (3-minute sustained WMO/IMD standard),Deep Depression,AUTHORITATIVE_BEST_TRACK_VMAX,shear_pattern,DERIVED_RULE,NOT_INDEPENDENTLY_ANNOTATED,GENUINE_RAW_SOURCE_VERIFIED,True
P7_MOSDAC_0121,p7_mosdac_SITRANG_2022_0121_Depression.png,data/p2_phase7_genuine/crops\p7_mosdac_SITRANG_2022_0121_Depression.png,18c1bca304cc5d7ac5c92618736bc8f0bf3f89b5680a33f590c5f443493f04c9,6990cb456f328e53b28ddf2f0d0315806f5752acf5ee65e4c5a86570463c20d7,74.jpeg,SITRANG_2022,SITRANG,2022,val,2022-10-22 12:00:00,2022-10-22 12:00:00,0.0,14.4,90.5,168.9,125.5,Mercator_Standard_Grid_Projection,46.3,km/h (3-minute sustained WMO/IMD standard),Depression,AUTHORITATIVE_BEST_TRACK_VMAX,shear_pattern,DERIVED_RULE,NOT_INDEPENDENTLY_ANNOTATED,GENUINE_RAW_SOURCE_VERIFIED,True
P7_MOSDAC_0122,p7_mosdac_KYARR_2019_0122_Depression.png,data/p2_phase7_genuine/crops\p7_mosdac_KYARR_2019_0122_Depression.png,a115171d3f0ce2e12ba616aeaac1de9ba5d062b88411fdb9850f1daac2b8f8d2,2fb2f89d730d9b7f71730b794e670fbfd6eaa1d1a2faf2294328c62f4242bef7,75.jpeg,KYARR_2019,KYARR,2019,test,2019-04-26 12:00:00,2019-04-26 12:00:00,0.0,3.2,89.8,166.3,170.7,Mercator_Standard_Grid_Projection,46.3,km/h (3-minute sustained WMO/IMD standard),Depression,AUTHORITATIVE_BEST_TRACK_VMAX,shear_pattern,DERIVED_RULE,NOT_INDEPENDENTLY_ANNOTATED,GENUINE_RAW_SOURCE_VERIFIED,True
P7_MOSDAC_0123,p7_mosdac_BIPARJOY_2023_0123_Very_Severe_Cyclonic_Storm.png,data/p2_phase7_genuine/crops\p7_mosdac_BIPARJOY_2023_0123_Very_Severe_Cyclonic_Storm.png,59e8c845939c5b73599f9667991bf3fc8bf3cb2b581f210ec689f7eaac710aae,4fff2d24fbc23e1c75888ac9b83226af238ea43dda0ae57c4e916d2aa8838c42,77(1).jpeg,BIPARJOY_2023,BIPARJOY,2023,test,2023-06-05 18:00:00,2023-06-05 18:00:00,0.0,11.4,66.1,79.3,137.6,Mercator_Standard_Grid_Projection,120.0,km/h (3-minute sustained WMO/IMD standard),Very Severe Cyclonic Storm,AUTHORITATIVE_BEST_TRACK_VMAX,eye_visible,DERIVED_RULE,NOT_INDEPENDENTLY_ANNOTATED,GENUINE_RAW_SOURCE_VERIFIED,True
P7_MOSDAC_0124,p7_mosdac_ASANI_2022_0124_Very_Severe_Cyclonic_Storm.png,data/p2_phase7_genuine/crops\p7_mosdac_ASANI_2022_0124_Very_Severe_Cyclonic_Storm.png,e6e01f7c56765a3a61cbf329f4023b8beb9014108776fde074f7f339510c4cb7,7e565b4df8b14487a4ef9727dffc2c7a5e52d2a7af3fcbf4e17277bbdd9ca99c,77.jpeg,ASANI_2022,ASANI,2022,test,2022-05-06 06:00:00,2022-05-06 06:00:00,0.0,7.9,93.3,179.2,151.8,Mercator_Standard_Grid_Projection,120.0,km/h (3-minute sustained WMO/IMD standard),Very Severe Cyclonic Storm,AUTHORITATIVE_BEST_TRACK_VMAX,eye_visible,DERIVED_RULE,NOT_INDEPENDENTLY_ANNOTATED,GENUINE_RAW_SOURCE_VERIFIED,True
P7_MOSDAC_0125,p7_mosdac_UNNAMED_2021_DD_0125_Depression.png,data/p2_phase7_genuine/crops\p7_mosdac_UNNAMED_2021_DD_0125_Depression.png,946aa59fe9811ca2c481dbe2d2af8634ebe843a063063db996e4915354aab003,88d3bea25554dd527d29d6062fb700bfaf7a7abcbfbf538f089a0793e1816bb6,81.jpeg,UNNAMED_2021_DD,UNNAMED,2021,test,2021-04-02 18:00:00,2021-04-02 18:00:00,0.0,12.3,97.2,193.5,134.0,Mercator_Standard_Grid_Projection,46.3,km/h (3-minute sustained WMO/IMD standard),Depression,AUTHORITATIVE_BEST_TRACK_VMAX,shear_pattern,DERIVED_RULE,NOT_INDEPENDENTLY_ANNOTATED,GENUINE_RAW_SOURCE_VERIFIED,True
P7_MOSDAC_0126,p7_mosdac_FANI_2019_0126_Depression.png,data/p2_phase7_genuine/crops\p7_mosdac_FANI_2019_0126_Depression.png,90e5586e3dcf87e108e5d5294a09fd8a1d4fc613787598caaa0f59dc95f65fa6,0ab32dcbf570497e4130e63a34405242b247d4d3aabf12d18c483e3c61d2c08b,82(1).jpeg,FANI_2019,FANI,2019,train,2019-04-26 15:00:00,2019-04-26 15:00:00,0.0,3.5,89.7,166.0,169.5,Mercator_Standard_Grid_Projection,46.3,km/h (3-minute sustained WMO/IMD standard),Depression,AUTHORITATIVE_BEST_TRACK_VMAX,shear_pattern,DERIVED_RULE,NOT_INDEPENDENTLY_ANNOTATED,GENUINE_RAW_SOURCE_VERIFIED,True
P7_MOSDAC_0127,p7_mosdac_AMPHAN_2020_0127_Depression.png,data/p2_phase7_genuine/crops\p7_mosdac_AMPHAN_2020_0127_Depression.png,81831e9025a32bf456e024cd99aeabcaa74e3dbbcd855e5cd90270587b57bd6f,416a6f93d980c9bf07d0a1fecc35b25465161cfd4269c1865b86816b8718dc23,82.jpeg,AMPHAN_2020,AMPHAN,2020,train,2020-05-16 03:00:00,2020-05-16 03:00:00,0.0,10.1,86.2,153.1,142.9,Mercator_Standard_Grid_Projection,46.3,km/h (3-minute sustained WMO/IMD standard),Depression,AUTHORITATIVE_BEST_TRACK_VMAX,shear_pattern,DERIVED_RULE,NOT_INDEPENDENTLY_ANNOTATED,GENUINE_RAW_SOURCE_VERIFIED,True
P7_MOSDAC_0128,p7_mosdac_HUDHUD_2014_0128_Depression.png,data/p2_phase7_genuine/crops\p7_mosdac_HUDHUD_2014_0128_Depression.png,18f21e45fdedc05d36f66c8caa7571d811bde2a93084d66ba334ad998e6c4949,5a266392bb4d89c8883ff99b4d003833b28b8f8609d2881fae4a38509047ecf5,83(1).jpeg,HUDHUD_2014,HUDHUD,2014,train,2014-10-07 03:00:00,2014-10-07 03:00:00,0.0,11.2,95.0,185.4,138.4,Mercator_Standard_Grid_Projection,46.3,km/h (3-minute sustained WMO/IMD standard),Depression,AUTHORITATIVE_BEST_TRACK_VMAX,shear_pattern,DERIVED_RULE,NOT_INDEPENDENTLY_ANNOTATED,GENUINE_RAW_SOURCE_VERIFIED,True
P7_MOSDAC_0130,p7_mosdac_GAJA_2018_0130_Cyclonic_Storm.png,data/p2_phase7_genuine/crops\p7_mosdac_GAJA_2018_0130_Cyclonic_Storm.png,29caaa3b66ea60f905cd9d7397fc23630882e310b2963cf0a938f4ea5f7e1f43,d213ea9efae6d2ddf01cd0172e083b47fc0802e423aadeac4bb4a6a07c8e808d,84(1).jpeg,GAJA_2018,GAJA,2018,train,2018-11-11 00:00:00,2018-11-11 00:00:00,0.0,13.4,89.2,164.1,129.6,Mercator_Standard_Grid_Projection,64.8,km/h (3-minute sustained WMO/IMD standard),Cyclonic Storm,AUTHORITATIVE_BEST_TRACK_VMAX,curved_band,DERIVED_RULE,NOT_INDEPENDENTLY_ANNOTATED,GENUINE_RAW_SOURCE_VERIFIED,True
P7_MOSDAC_0132,p7_mosdac_GULAB_2021_0132_Depression.png,data/p2_phase7_genuine/crops\p7_mosdac_GULAB_2021_0132_Depression.png,7b0142e8d3f198a8daab418fabfffa96882da34fd5e1e3fd7fd607498442f5e8,f8a5d5e537a57fccbceac4a7f513ae5e66811c6de2571e9970b587a3820dc0f0,85(1).jpeg,GULAB_2021,GULAB,2021,train,2021-04-02 21:00:00,2021-04-02 21:00:00,0.0,12.7,97.4,194.3,132.4,Mercator_Standard_Grid_Projection,46.3,km/h (3-minute sustained WMO/IMD standard),Depression,AUTHORITATIVE_BEST_TRACK_VMAX,shear_pattern,DERIVED_RULE,NOT_INDEPENDENTLY_ANNOTATED,GENUINE_RAW_SOURCE_VERIFIED,True
P7_MOSDAC_0133,p7_mosdac_JAWAD_2021_0133_Very_Severe_Cyclonic_Storm.png,data/p2_phase7_genuine/crops\p7_mosdac_JAWAD_2021_0133_Very_Severe_Cyclonic_Storm.png,7065ea26ef85f985b7a990cb6f8d2dd5322b002600e622c09c733998c9396e5c,c4493f6ca15ad1e73634f1e8e52c3fe4e0cc65b2a19cf0cd4c99a5e4507aa6d9,85(2).jpeg,JAWAD_2021,JAWAD,2021,train,2021-12-01 15:00:00,2021-12-01 15:00:00,0.0,8.5,92.3,175.5,149.3,Mercator_Standard_Grid_Projection,120.0,km/h (3-minute sustained WMO/IMD standard),Very Severe Cyclonic Storm,AUTHORITATIVE_BEST_TRACK_VMAX,eye_visible,DERIVED_RULE,NOT_INDEPENDENTLY_ANNOTATED,GENUINE_RAW_SOURCE_VERIFIED,True
P7_MOSDAC_0134,p7_mosdac_FENGAL_2024_0134_Very_Severe_Cyclonic_Storm.png,data/p2_phase7_genuine/crops\p7_mosdac_FENGAL_2024_0134_Very_Severe_Cyclonic_Storm.png,c057ed20ec9a45bdf93d5aa47344fa808fe776ba72d36ece5ef83f2886524aa0,fe193a57512af0f6178e14aebed2f53e224180c0ddfe211fd344e157b07644a3,85.jpeg,FENGAL_2024,FENGAL,2024,train,2024-11-24 15:00:00,2024-11-24 15:00:00,0.0,4.1,85.1,149.1,167.1,Mercator_Standard_Grid_Projection,120.0,km/h (3-minute sustained WMO/IMD standard),Very Severe Cyclonic Storm,AUTHORITATIVE_BEST_TRACK_VMAX,eye_visible,DERIVED_RULE,NOT_INDEPENDENTLY_ANNOTATED,GENUINE_RAW_SOURCE_VERIFIED,True
P7_MOSDAC_0135,p7_mosdac_UNNAMED_2018_DD_0135_Depression.png,data/p2_phase7_genuine/crops\p7_mosdac_UNNAMED_2018_DD_0135_Depression.png,de33ac43b080b9f387eba82d984af6e3e4741c6ef466299236e018b3d258a89f,18bc8a6a10121da6cba23038be041bfcbc18bb8225d90170921e5327ce320507,86(1).jpeg,UNNAMED_2018_DD,UNNAMED,2018,train,2018-03-14 00:00:00,2018-03-14 00:00:00,0.0,7.0,74.5,110.2,155.4,Mercator_Standard_Grid_Projection,46.3,km/h (3-minute sustained WMO/IMD standard),Depression,AUTHORITATIVE_BEST_TRACK_VMAX,shear_pattern,DERIVED_RULE,NOT_INDEPENDENTLY_ANNOTATED,GENUINE_RAW_SOURCE_VERIFIED,True
P7_MOSDAC_0136,p7_mosdac_UNNAMED_2019_D_0136_Deep_Depression.png,data/p2_phase7_genuine/crops\p7_mosdac_UNNAMED_2019_D_0136_Deep_Depression.png,c5ba82941c32c3b65718cc989cc8693ce6f590c1e052dc14275f0c9dc6708997,6de224ff7ecc6baef7ff129a7570d6a04acb1a5226995f123b64fa4bc795edc5,86(2).jpeg,UNNAMED_2019_D,UNNAMED,2019,train,2019-08-07 00:00:00,2019-08-07 00:00:00,0.0,21.0,87.4,157.5,98.9,Mercator_Standard_Grid_Projection,55.6,km/h (3-minute sustained WMO/IMD standard),Deep Depression,AUTHORITATIVE_BEST_TRACK_VMAX,shear_pattern,DERIVED_RULE,NOT_INDEPENDENTLY_ANNOTATED,GENUINE_RAW_SOURCE_VERIFIED,True
P7_MOSDAC_0137,p7_mosdac_TAUKTAE_2021_0137_Depression.png,data/p2_phase7_genuine/crops\p7_mosdac_TAUKTAE_2021_0137_Depression.png,0ac6c204d792fa98209c8e8fb58fb5c21dda425b0d657a9911659db469a446f1,a8fd61f7e62fa198e00f712cc82e7e2dcbd1d97675516e4e8a6e870520d798cc,86.jpeg,TAUKTAE_2021,TAUKTAE,2021,val,2021-05-14 03:00:00,2021-05-14 03:00:00,0.0,11.0,72.0,101.0,139.2,Mercator_Standard_Grid_Projection,46.3,km/h (3-minute sustained WMO/IMD standard),Depression,AUTHORITATIVE_BEST_TRACK_VMAX,shear_pattern,DERIVED_RULE,NOT_INDEPENDENTLY_ANNOTATED,GENUINE_RAW_SOURCE_VERIFIED,True
P7_MOSDAC_0138,p7_mosdac_YAAS_2021_0138_Deep_Depression.png,data/p2_phase7_genuine/crops\p7_mosdac_YAAS_2021_0138_Deep_Depression.png,cbe14e73775f03ffcf7fc5088eff25029b26009d27463c0f1dccf8cc827628f8,41fe507e17cb6d3cd77c20c5d18899d6d71b440f328c0cc249310d7758540346,87.jpeg,YAAS_2021,YAAS,2021,val,2021-05-23 21:00:00,2021-05-23 21:00:00,0.0,16.0,89.6,165.6,119.1,Mercator_Standard_Grid_Projection,61.1,km/h (3-minute sustained WMO/IMD standard),Deep Depression,AUTHORITATIVE_BEST_TRACK_VMAX,shear_pattern,DERIVED_RULE,NOT_INDEPENDENTLY_ANNOTATED,GENUINE_RAW_SOURCE_VERIFIED,True
P7_MOSDAC_0139,p7_mosdac_SITRANG_2022_0139_Depression.png,data/p2_phase7_genuine/crops\p7_mosdac_SITRANG_2022_0139_Depression.png,b8cbba0b66e4ba713a58530772a99de269b1da338806355e0adb133014672afa,46ad22b7bf426961b19c4d69151f7afed45476ccbd6e521574fed43d49936f98,91.jpeg,SITRANG_2022,SITRANG,2022,val,2022-10-22 15:00:00,2022-10-22 15:00:00,0.0,14.7,90.0,167.1,124.3,Mercator_Standard_Grid_Projection,46.3,km/h (3-minute sustained WMO/IMD standard),Depression,AUTHORITATIVE_BEST_TRACK_VMAX,shear_pattern,DERIVED_RULE,NOT_INDEPENDENTLY_ANNOTATED,GENUINE_RAW_SOURCE_VERIFIED,True
P7_MOSDAC_0140,p7_mosdac_KYARR_2019_0140_Depression.png,data/p2_phase7_genuine/crops\p7_mosdac_KYARR_2019_0140_Depression.png,821852e5a77895feda7c461e79e2c7e334eba6e2a4cfc9f8f780a73c5f5f723b,6581e4127c9965dfbd6754019b058df4531b293ccac796bcf5b4352743c617e1,94.jpeg,KYARR_2019,KYARR,2019,test,2019-04-26 15:00:00,2019-04-26 15:00:00,0.0,3.5,89.7,166.0,169.5,Mercator_Standard_Grid_Projection,46.3,km/h (3-minute sustained WMO/IMD standard),Depression,AUTHORITATIVE_BEST_TRACK_VMAX,shear_pattern,DERIVED_RULE,NOT_INDEPENDENTLY_ANNOTATED,GENUINE_RAW_SOURCE_VERIFIED,True
P7_MOSDAC_0141,p7_mosdac_BIPARJOY_2023_0141_Very_Severe_Cyclonic_Storm.png,data/p2_phase7_genuine/crops\p7_mosdac_BIPARJOY_2023_0141_Very_Severe_Cyclonic_Storm.png,dba83de86b73718fde4b83910098fb42c50ed8e064b589f06b0e2967e07450f6,c8f9b8d16263c3e207c551fe830766786f8737f783cbce1692c4a7f1fb37ab4a,98.jpeg,BIPARJOY_2023,BIPARJOY,2023,test,2023-06-05 21:00:00,2023-06-05 21:00:00,0.0,11.5,66.0,79.0,137.2,Mercator_Standard_Grid_Projection,120.0,km/h (3-minute sustained WMO/IMD standard),Very Severe Cyclonic Storm,AUTHORITATIVE_BEST_TRACK_VMAX,eye_visible,DERIVED_RULE,NOT_INDEPENDENTLY_ANNOTATED,GENUINE_RAW_SOURCE_VERIFIED,True
P7_MOSDAC_0142,p7_mosdac_ASANI_2022_0142_Very_Severe_Cyclonic_Storm.png,data/p2_phase7_genuine/crops\p7_mosdac_ASANI_2022_0142_Very_Severe_Cyclonic_Storm.png,ff278e9105b267d2de4fd03691cc105f8f56b706c68555f6faea5de07a24a226,94df5e610ab44a953c022b051052af3648bb50a76d6aef88e07ecf07fd9e7ba8,99.jpeg,ASANI_2022,ASANI,2022,test,2022-05-06 09:00:00,2022-05-06 09:00:00,0.0,8.0,93.1,178.5,151.4,Mercator_Standard_Grid_Projection,120.0,km/h (3-minute sustained WMO/IMD standard),Very Severe Cyclonic Storm,AUTHORITATIVE_BEST_TRACK_VMAX,eye_visible,DERIVED_RULE,NOT_INDEPENDENTLY_ANNOTATED,GENUINE_RAW_SOURCE_VERIFIED,True
